,pixel,emotion_index
0,[153. 151. 150. ... 165. 165. 164.],1
1,[167. 166. 165. ... 159. 159. 159.],1
2,[170. 172. 174. ... 169. 170. 171.],1
3,[175. 175. 175. ... 173. 173. 174.],1
4,[213. 212. 212. ... 202. 201. 201.],1
5,[200. 200. 200. ... 134. 130. 126.],1
6,[187. 182. 178. ... 178. 178. 178.],1
7,[173. 174. 175. ... 165. 165. 165.],1
8,[190. 190. 190. ... 178. 178. 177.],1
9,[169. 171. 172. ... 173. 173. 172.],1
10,[185. 184. 183. ... 185. 185. 185.],1
11,[234. 235. 236. ... 165. 181. 192.],1
12,[157. 157. 157. ... 175. 175. 175.],1
13,[167. 167. 167. ... 172. 172. 172.],1
14,[171. 171. 171. ... 174. 174. 173.],1
15,[197. 195. 194. ... 199. 199. 199.],1
16,[179. 178. 177. ... 183. 183. 183.],1
17,[169. 169. 169. ... 181. 180. 180.],1
18,[193. 193. 195. ... 113. 112. 111.],1
19,[186. 187. 188. ... 237. 237. 237.],1
20,[161. 161. 161. ... 169. 171. 172.],1
21,[167. 167. 167. ... 190. 189. 188.],1
22,[162. 160. 158. ... 163. 163. 163.],1
23,[196. 197. 198. ... 188. 187. 187.],1
24,[170. 171. 171. ... 154. 154. 154.],1
25,[171. 171. 171. ... 162. 162. 162.],1
26,[190. 191. 191. ... 180. 180. 180.],1
27,[184. 186. 188. ... 163. 161. 160.],1
28,[193. 193. 192. ... 177. 176. 176.],1
29,[204. 205. 206. ... 184. 183. 182.],1
30,[183. 184. 184. ... 160. 160. 160.],1
31,[180. 180. 180. ... 168. 168. 167.],1
32,[180. 181. 182. ... 228. 226. 225.],1
33,[216. 215. 214. ... 205. 205. 205.],1
34,[161. 162. 163. ...  62.  62.  62.],1
35,[178. 178. 178. ... 186. 186. 185.],1
36,[169. 170. 171. ... 170. 170. 170.],1
37,[184. 185. 185. ... 178. 178. 178.],1
38,[181. 180. 180. ... 176. 175. 174.],1
39,[189. 186. 184. ... 179. 179. 179.],1
40,[171. 171. 171. ... 180. 180. 179.],1
41,[183. 184. 184. ... 175. 174. 174.],1
42,[168. 167. 166. ... 172. 172. 172.],1
43,[179. 177. 175. ... 168. 168. 168.],1
44,[177. 177. 177. ... 184. 184. 184.],1
45,[178. 178. 178. ... 169. 171. 173.],1
46,[187. 188. 189. ... 166. 166. 166.],1
47,[170. 170. 170. ... 165. 165. 166.],1
48,[187. 187. 187. ... 192. 192. 193.],1
49,[181. 181. 181. ... 170. 171. 172.],1
50,[200. 199. 199. ... 187. 187. 186.],1
51,[186. 186. 186. ... 175. 175. 175.],1
52,[182. 181. 181. ... 171. 171. 171.],1
53,[172. 172. 172. ...  64.  67.  59.],1
54,[171. 171. 171. ... 165. 166. 166.],1
55,[190. 190. 190. ... 197. 197. 197.],1
56,[205. 206. 206. ... 188. 188. 187.],1
57,[169. 169. 169. ... 189. 189. 189.],1
58,[175. 175. 175. ... 167. 167. 167.],1
59,[180. 181. 182. ... 171. 170. 170.],1
60,[159. 159. 159. ... 179. 179. 179.],1
61,[171. 171. 171. ... 188. 188. 188.],1
62,[183. 184. 186. ... 142. 142. 140.],1
63,[163. 163. 163. ... 175. 175. 175.],1
64,[170. 170. 170. ... 179. 179. 179.],1
65,[164. 164. 164. ... 171. 170. 170.],1
66,[190. 190. 190. ... 197. 197. 197.],1
67,[150. 150. 150. ... 167. 167. 167.],1
68,[210. 211. 211. ... 217. 217. 217.],1
69,[173. 172. 171. ...  89.  90.  91.],1
70,[171. 171. 171. ... 183. 183. 183.],1
71,[165. 165. 165. ... 184. 184. 184.],1
72,[184. 184. 185. ... 178. 180. 182.],1
73,[173. 173. 173. ...  88.  88.  87.],1
74,[183. 183. 183. ... 124. 124. 123.],1
75,[188. 188. 188. ... 205. 205. 205.],1
76,[141. 141. 141. ... 127. 127. 127.],1
77,[158. 157. 156. ... 177. 177. 177.],1
78,[186. 186. 187. ... 193. 192. 191.],1
79,[179. 179. 179. ... 180. 179. 178.],1
80,[202. 203. 205. ... 201. 201. 201.],1
81,[166. 166. 166. ... 183. 183. 183.],1
82,[193. 193. 194. ... 189. 189. 189.],1
83,[154. 155. 156. ... 200. 199. 199.],1
84,[174. 172. 172. ... 192. 191. 190.],1
85,[176. 175. 174. ... 180. 180. 180.],1
86,[174. 175. 176. ...  60.  57.  55.],1
87,[196. 196. 197. ... 199. 199. 199.],1
88,[176. 178. 180. ... 175. 175. 175.],2
89,[166. 166. 167. ... 162. 162. 161.],2
90,[184. 185. 186. ... 180. 179. 179.],2
91,[176. 176. 176. ... 175. 174. 174.],2
92,[208. 209. 211. ... 197. 197. 197.],2
93,[175. 176. 177. ... 178. 178. 178.],2
94,[173. 173. 171. ... 165. 165. 165.],2
95,[177. 179. 181. ... 181. 180. 180.],2
96,[190. 187. 183. ... 181. 180. 179.],2
97,[173. 175. 176. ... 177. 179. 180.],2
98,[175. 176. 176. ... 180. 180. 181.],2
99,[190. 190. 191. ... 188. 188. 188.],2
100,[176. 176. 176. ... 181. 180. 179.],2
101,[186. 185. 183. ... 185. 185. 185.],2
102,[224. 224. 224. ... 137. 138. 139.],2
103,[181. 179. 177. ... 152. 152. 152.],2
104,[165. 164. 163. ... 169. 169. 169.],2
105,[188. 189. 191. ... 178. 179. 179.],2
106,[170. 170. 169. ... 176. 176. 175.],2
107,[172. 173. 174. ... 175. 175. 175.],2
108,[193. 191. 190. ... 195. 194. 194.],2
109,[179. 179. 180. ... 182. 182. 182.],2
110,[189. 189. 190. ... 183. 185. 187.],2
111,[176. 176. 177. ... 183. 181. 180.],2
112,[191. 190. 189. ... 234. 234. 234.],2
113,[174. 173. 173. ... 197. 197. 197.],2
114,[183. 187. 190. ... 169. 169. 169.],2
115,[179. 178. 176. ... 166. 166. 166.],2
116,[184. 183. 181. ... 165. 165. 165.],2
117,[182. 181. 181. ... 177. 178. 178.],2
118,[194. 195. 196. ... 188. 190. 193.],2
119,[200. 201. 203. ... 192. 194. 196.],2
120,[187. 187. 187. ... 166. 166. 165.],2
121,[194. 195. 196. ... 183. 183. 183.],2
122,[188. 188. 188. ... 163. 162. 161.],2
123,[204. 203. 202. ... 184. 184. 184.],2
124,[189. 189. 189. ... 177. 177. 176.],2
125,[181. 180. 178. ... 164. 164. 163.],2
126,[220. 219. 219. ... 210. 210. 210.],2
127,[189. 189. 189. ... 197. 195. 195.],2
128,[178. 177. 177. ... 178. 178. 178.],2
129,[196. 196. 197. ... 181. 182. 183.],2
130,[171. 172. 172. ... 193. 192. 192.],2
131,[243. 243. 243. ... 246. 246. 246.],2
132,[221. 221. 221. ...  56.  57.  61.],2
133,[175. 175. 175. ... 181. 180. 179.],2
134,[187. 186. 185. ... 182. 182. 181.],2
135,[183. 184. 184. ... 175. 175. 175.],2
136,[165. 165. 165. ... 172. 172. 172.],2
137,[178. 177. 177. ... 171. 173. 174.],2
138,[173. 174. 174. ... 176. 177. 177.],2
139,[171. 172. 174. ... 180. 179. 179.],2
140,[156. 156. 156. ... 166. 165. 165.],2
141,[209. 209. 209. ... 228. 222. 230.],2
142,[201. 202. 203. ... 193. 193. 193.],2
143,[186. 186. 186. ... 176. 176. 176.],2
144,[190. 190. 190. ... 184. 185. 185.],2
145,[206. 206. 206. ...  54.  63.  68.],2
146,[181. 181. 181. ...  48.  50.  50.],2
147,[173. 173. 173. ... 163. 163. 163.],2
148,[179. 179. 179. ... 184. 184. 184.],2
149,[199. 199. 199. ... 190. 190. 190.],2
150,[191. 191. 191. ... 199. 199. 199.],2
151,[166. 164. 173. ... 182. 182. 177.],2
152,[172. 173. 173. ... 193. 193. 193.],2
153,[181. 182. 184. ... 176. 177. 177.],2
154,[179. 178. 177. ... 171. 171. 171.],2
155,[183. 182. 181. ... 172. 172. 173.],2
156,[165. 166. 166. ... 123.  71.  61.],2
157,[172. 172. 172. ... 187. 188. 188.],2
158,[162. 162. 162. ... 168. 169. 171.],2
159,[168. 167. 165. ... 175. 174. 174.],2
160,[196. 196. 196. ... 202. 202. 201.],2
161,[161. 161. 161. ... 171. 170. 170.],2
162,[191. 192. 192. ... 200. 200. 200.],2
163,[161. 161. 161. ... 174. 174. 174.],2
164,[209. 209. 209. ... 217. 217. 217.],2
165,[188. 187. 186. ... 184. 184. 184.],2
166,[156. 156. 156. ... 196. 196. 196.],2
167,[158. 158. 158. ... 173. 173. 173.],2
168,[172. 172. 171. ... 186. 185. 185.],2
169,[192. 192. 194. ... 188. 188. 188.],2
170,[170. 170. 170. ... 165. 165. 165.],2
171,[215. 213. 211. ... 212. 212. 212.],2
172,[197. 196. 196. ... 190. 190. 190.],2
173,[188. 189. 189. ... 205. 202. 201.],2
174,[142. 143. 144. ... 132. 132. 132.],2
175,[157. 157. 157. ... 178. 178. 178.],2
176,[171. 173. 175. ... 193. 193. 193.],2
177,[178. 177. 177. ... 179. 179. 179.],2
178,[208. 209. 209. ... 203. 203. 203.],2
179,[169. 169. 169. ... 185. 185. 184.],2
180,[158. 157. 156. ... 200. 200. 200.],2
181,[161. 161. 161. ... 181. 181. 180.],2
182,[186. 186. 186. ... 182. 182. 182.],2
183,[198. 198. 199. ... 214. 214. 214.],2
184,[169. 170. 171. ... 171. 171. 171.],3
185,[177. 174. 171. ... 171. 170. 170.],3
186,[172. 175. 177. ... 163. 162. 162.],3
187,[172. 173. 175. ... 169. 170. 170.],3
188,[171. 170. 170. ... 171. 171. 171.],3
189,[196. 197. 199. ...  69.  76.  85.],3
190,[206. 207. 209. ... 196. 195. 195.],3
191,[187. 186. 186. ... 175. 176. 176.],3
192,[203. 204. 204. ... 107. 106. 105.],3
193,[180. 180. 181. ... 182. 181. 181.],3
194,[171. 171. 171. ... 162. 162. 162.],3
195,[174. 174. 174. ... 178. 178. 179.],3
196,[189. 188. 186. ... 184. 184. 184.],3
197,[178. 179. 181. ... 173. 171. 171.],3
198,[184. 184. 182. ... 186. 186. 186.],3
199,[229. 229. 229. ... 142. 146. 150.],3
200,[155. 155. 155. ... 175. 175. 175.],3
201,[180. 181. 181. ... 152. 149. 145.],3
202,[180. 184. 187. ... 190. 188. 187.],3
203,[163. 164. 166. ... 174. 174. 174.],3
204,[176. 176. 177. ... 186. 186. 185.],3
205,[172. 171. 171. ... 174. 173. 172.],3
206,[180. 180. 178. ... 182. 182. 182.],3
207,[157. 158. 159. ... 168. 168. 167.],3
208,[180. 181. 183. ... 178. 178. 178.],3
209,[148. 149. 150. ... 163. 163. 163.],3
210,[207. 207. 208. ... 208. 208. 208.],3
211,[173. 173. 172. ... 157. 157. 157.],3
212,[198. 197. 197. ... 189. 189. 189.],3
213,[176. 177. 177. ...  90.  86.  82.],3
214,[177. 177. 179. ...  33.  34.  35.],3
215,[179. 180. 180. ... 177. 177. 178.],3
216,[187. 188. 188. ... 162. 162. 162.],3
217,[194. 194. 195. ... 206. 203. 202.],3
218,[192. 190. 188. ... 163. 164. 164.],3
219,[194. 193. 191. ... 169. 169. 170.],3
220,[214. 214. 212. ... 179. 178. 175.],3
221,[195. 193. 192. ... 181. 181. 180.],3
222,[230. 230. 231. ... 210. 210. 210.],3
223,[195. 196. 197. ... 194. 193. 193.],3
224,[173. 172. 172. ... 164. 165. 165.],3
225,[191. 191. 190. ... 179. 179. 179.],3
226,[182. 179. 177. ... 189. 189. 189.],3
227,[243. 243. 243. ... 246. 246. 246.],3
228,[179. 179. 179. ... 171. 171. 171.],3
229,[183. 185. 187. ... 178. 180. 180.],3
230,[209. 209. 209. ...  91.  96. 105.],3
231,[188. 188. 188. ... 181. 180. 180.],3
232,[170. 170. 170. ... 179. 178. 177.],3
233,[184. 183. 182. ... 113. 136. 155.],3
234,[164. 164. 164. ...  57.  53.  55.],3
235,[216. 216. 216. ... 219. 219. 219.],3
236,[158. 158. 158. ... 166. 166. 166.],3
237,[206. 206. 206. ... 196. 195. 195.],3
238,[188. 188. 188. ... 196. 196. 196.],3
239,[185. 185. 185. ... 178. 178. 178.],3
240,[196. 196. 196. ... 219. 210. 198.],3
241,[186. 186. 186. ... 192. 192. 192.],3
242,[187. 188. 189. ... 177. 181. 184.],3
243,[211. 210. 210. ... 191. 191. 191.],3
244,[216. 216. 216. ... 201. 201. 200.],3
245,[192. 193. 193. ... 185. 185. 185.],3
246,[189. 191. 193. ... 175. 175. 175.],3
247,[186. 186. 186. ... 176. 175. 175.],3
248,[221. 221. 221. ... 213. 213. 213.],3
249,[174. 173. 172. ... 163. 162. 161.],3
250,[166. 166. 166. ... 180. 181. 182.],3
251,[176. 178. 180. ... 172. 172. 173.],3
252,[163. 163. 163. ... 170. 170. 170.],3
253,[182. 182. 182. ... 172. 172. 172.],3
254,[184. 185. 186. ... 169. 171. 172.],3
255,[188. 186. 185. ... 119. 120. 122.],3
256,[167. 167. 167. ... 176. 176. 176.],3
257,[170. 170. 170. ... 164. 164. 164.],3
258,[176. 176. 176. ...  97.  98.  95.],3
259,[173. 173. 173. ... 182. 181. 181.],3
260,[193. 193. 193. ... 194. 194. 194.],3
261,[182. 182. 183. ... 176. 176. 177.],3
262,[186. 186. 186. ... 180. 180. 180.],3
263,[174. 175. 176. ... 186. 186. 186.],3
264,[161. 162. 163. ... 152. 153. 153.],3
265,[169. 169. 169. ... 164. 164. 165.],3
266,[155. 155. 156. ... 170. 170. 170.],3
267,[174. 174. 174. ... 101. 105. 111.],3
268,[184. 184. 185. ... 186. 186. 186.],3
269,[171. 171. 171. ... 180. 182. 182.],3
270,[158. 159. 160. ... 173. 173. 173.],3
271,[204. 202. 201. ... 198. 198. 198.],3
272,[171. 171. 171. ... 177. 177. 177.],3
273,[176. 175. 173. ... 161. 166. 169.],3
274,[194. 193. 192. ... 191. 191. 192.],3
275,[191. 190. 189. ... 185. 185. 185.],3
276,[172. 171. 171. ... 193. 193. 193.],3
277,[184. 184. 184. ... 186. 186. 186.],3
278,[176. 176. 176. ... 175. 175. 175.],3
279,[174. 175. 176. ... 179. 179. 178.],3
280,[204. 206. 208. ... 208. 208. 208.],3
281,[175. 174. 174. ... 175. 175. 176.],3
282,[213. 212. 211. ... 204. 204. 204.],3
283,[189. 190. 191. ... 195. 195. 195.],3
284,[188. 189. 190. ... 183. 183. 183.],3
285,[206. 206. 206. ... 219. 219. 219.],3
286,[193. 194. 196. ... 194. 194. 194.],3
287,[163. 164. 165. ... 100.  99.  99.],3
288,[153. 153. 153. ... 170. 170. 170.],4
289,[175. 175. 174. ... 155. 151. 146.],4
290,[193. 190. 188. ... 183. 183. 184.],4
291,[172. 172. 173. ... 173. 172. 170.],4
292,[177. 178. 179. ... 175. 174. 174.],4
293,[174. 173. 172. ... 175. 174. 174.],4
294,[168. 170. 173. ... 212. 211. 211.],4
295,[181. 181. 181. ... 145. 151. 155.],4
296,[184. 189. 192. ... 180. 181. 182.],4
297,[167. 167. 169. ... 168. 168. 168.],4
298,[170. 171. 171. ... 160. 160. 159.],4
299,[171. 173. 176. ... 181. 181. 180.],4
300,[184. 184. 184. ... 186. 186. 186.],4
301,[184. 185. 187. ... 188. 188. 188.],4
302,[178. 177. 178. ... 160. 160. 159.],4
303,[170. 171. 172. ... 181. 181. 180.],4
304,[192. 192. 192. ... 196. 196. 195.],4
305,[171. 171. 170. ... 184. 184. 183.],4
306,[168. 168. 168. ... 181. 181. 181.],4
307,[173. 175. 177. ... 179. 178. 177.],4
308,[197. 197. 196. ... 195. 200. 199.],4
309,[157. 157. 157. ... 173. 172. 172.],4
310,[175. 176. 176. ... 199. 199. 199.],4
311,[161. 163. 166. ...  73.  81.  89.],4
312,[212. 212. 212. ... 206. 206. 206.],4
313,[174. 171. 168. ... 155. 155. 155.],4
314,[192. 192. 191. ... 184. 184. 184.],4
315,[189. 189. 189. ... 168. 167. 165.],4
316,[172. 173. 173. ... 168. 167. 166.],4
317,[168. 169. 169. ... 160. 160. 161.],4
318,[186. 186. 186. ... 167. 181. 189.],4
319,[173. 172. 170. ... 159. 159. 158.],4
320,[195. 195. 195. ... 178. 179. 179.],4
321,[209. 210. 212. ... 176. 176. 176.],4
322,[177. 178. 178. ... 164. 164. 164.],4
323,[184. 184. 185. ... 170. 170. 170.],4
324,[188. 189. 191. ... 182. 183. 183.],4
325,[173. 174. 175. ... 163. 162. 162.],4
326,[218. 218. 218. ... 211. 211. 211.],4
327,[211. 211. 212. ... 198. 198. 198.],4
328,[202. 203. 203. ... 211. 211. 211.],4
329,[176. 177. 178. ... 190. 190. 190.],4
330,[165. 164. 164. ... 175. 175. 175.],4
331,[223. 223. 223. ...  61.  65.  67.],4
332,[174. 174. 174. ... 183. 183. 183.],4
333,[188. 189. 191. ... 182. 182. 182.],4
334,[184. 185. 185. ... 179. 179. 178.],4
335,[189. 188. 186. ... 177. 178. 179.],4
336,[194. 195. 196. ... 140. 139. 137.],4
337,[181. 181. 181. ... 190. 190. 190.],4
338,[184. 184. 184. ... 191. 191. 191.],4
339,[211. 210. 210. ... 190. 189. 188.],4
340,[192. 191. 191. ... 198. 198. 197.],4
341,[184. 185. 186. ... 177. 177. 177.],4
342,[178. 178. 179. ... 171. 170. 170.],4
343,[175. 175. 175. ...  49.  46.  47.],4
344,[209. 210. 210. ... 191. 190. 190.],4
345,[182. 183. 184. ... 180. 180. 179.],4
346,[167. 167. 167. ... 177. 177. 178.],4
347,[174. 174. 174. ... 170. 170. 171.],4
348,[179. 179. 179. ... 170. 170. 170.],4
349,[194. 194. 194. ... 201. 201. 201.],4
350,[191. 191. 191. ...  83.  83.  82.],4
351,[162. 162. 162. ... 171. 171. 170.],4
352,[174. 174. 174. ... 173. 184. 182.],4
353,[183. 183. 182. ... 174. 175. 175.],4
354,[171. 171. 171. ... 184. 184. 184.],4
355,[161. 161. 161. ... 177. 177. 176.],4
356,[176. 176. 176. ... 186. 186. 186.],4
357,[189. 189. 189. ... 199. 199. 199.],4
358,[171. 171. 171. ... 166. 166. 166.],4
359,[207. 208. 208. ... 214. 214. 214.],4
360,[156. 156. 157. ... 170. 170. 170.],4
361,[180. 181. 183. ... 181. 181. 181.],4
362,[197. 198. 199. ...  91.  77.  72.],4
363,[172. 172. 172. ... 183. 183. 183.],4
364,[168. 167. 167. ... 163. 163. 163.],4
365,[173. 174. 175. ... 230. 230. 228.],4
366,[184. 185. 186. ... 169. 169. 169.],4
367,[191. 191. 191. ... 189. 189. 190.],4
368,[186. 187. 188. ... 187. 187. 187.],4
369,[187. 187. 188. ... 205. 205. 204.],4
370,[158. 158. 158. ... 194. 193. 193.],4
371,[169. 169. 169. ...  95.  94.  92.],4
372,[165. 166. 167. ... 168. 168. 168.],4
373,[166. 168. 169. ... 186. 186. 186.],4
374,[187. 187. 188. ... 187. 188. 189.],4
375,[181. 181. 181. ... 179. 179. 179.],4
376,[176. 175. 175. ... 180. 180. 180.],4
377,[179. 178. 177. ... 178. 178. 179.],4
378,[198. 198. 198. ... 193. 193. 192.],4
379,[168. 168. 168. ...  65.  66.  69.],4
380,[168. 168. 169. ... 165. 164. 164.],4
381,[173. 173. 173. ... 181. 181. 181.],4
382,[187. 188. 189. ... 184. 184. 184.],4
383,[190. 191. 191. ... 193. 194. 194.],4
384,[168. 169. 171. ... 176. 176. 176.],4
385,[169. 170. 170. ... 172. 172. 171.],5
386,[171. 169. 167. ... 165. 165. 165.],5
387,[180. 184. 185. ... 161. 160. 159.],5
388,[174. 173. 173. ... 165. 165. 166.],5
389,[196. 195. 193. ...  42.  42.  43.],5
390,[175. 176. 177. ... 172. 171. 171.],5
391,[190. 192. 194. ... 187. 187. 187.],5
392,[213. 212. 210. ... 195. 195. 195.],5
393,[166. 166. 167. ... 173. 173. 173.],5
394,[169. 169. 171. ... 165. 165. 165.],5
395,[182. 183. 184. ... 177. 178. 179.],5
396,[168. 168. 169. ... 161. 161. 161.],5
397,[171. 172. 174. ... 173. 174. 176.],5
398,[213. 213. 213. ... 210. 210. 210.],5
399,[188. 191. 193. ... 184. 184. 185.],5
400,[214. 214. 214. ... 144. 145. 145.],5
401,[153. 153. 153. ... 153. 160. 165.],5
402,[188. 188. 188. ... 193. 193. 193.],5
403,[162. 163. 165. ... 217. 217. 217.],5
404,[187. 187. 187. ... 205. 207. 208.],5
405,[179. 179. 179. ... 182. 182. 182.],5
406,[169. 169. 170. ...  45.  44.  44.],5
407,[170. 171. 172. ... 163. 163. 163.],5
408,[180. 179. 178. ...  96. 157. 170.],5
409,[186. 185. 183. ... 171. 171. 172.],5
410,[168. 168. 168. ... 194. 194. 194.],5
411,[190. 188. 187. ... 171. 171. 171.],5
412,[196. 194. 191. ... 181. 181. 181.],5
413,[208. 207. 207. ... 153. 144. 152.],5
414,[195. 197. 199. ... 186. 186. 186.],5
415,[179. 178. 177. ... 162. 162. 162.],5
416,[164. 165. 167. ... 109. 110. 111.],5
417,[154. 155. 157. ...  59.  56.  53.],5
418,[200. 202. 204. ... 191. 191. 191.],5
419,[168. 168. 168. ... 188. 188. 188.],5
420,[179. 179. 179. ... 190. 190. 190.],5
421,[160. 160. 160. ... 170. 169. 169.],5
422,[175. 175. 175. ... 181. 180. 180.],5
423,[179. 179. 179. ... 189. 188. 187.],5
424,[182. 182. 181. ... 172. 173. 173.],5
425,[185. 186. 187. ... 181. 181. 181.],5
426,[167. 167. 168. ... 174. 175. 175.],5
427,[165. 165. 165. ... 191. 192. 192.],5
428,[193. 193. 193. ... 225. 231. 224.],5
429,[188. 188. 188. ... 194. 194. 194.],5
430,[173. 173. 173. ... 179. 180. 180.],5
431,[176. 176. 176. ... 168. 168. 168.],5
432,[210. 211. 211. ...  49.  48.  47.],5
433,[182. 182. 182. ...  50.  52.  55.],5
434,[182. 182. 182. ... 211. 211. 211.],5
435,[200. 201. 201. ... 189. 189. 189.],5
436,[159. 159. 159. ... 183. 183. 183.],5
437,[174. 174. 174. ... 195. 195. 195.],5
438,[164. 164. 164. ... 181. 181. 181.],5
439,[168. 168. 167. ...  48.  34.  28.],5
440,[175. 175. 175. ... 182. 182. 182.],5
441,[168. 168. 168. ... 133. 135. 136.],5
442,[184. 184. 184. ...  50.  52.  52.],5
443,[168. 168. 168. ... 179. 180. 180.],5
444,[175. 175. 175. ... 185. 186. 186.],5
445,[169. 169. 169. ... 198. 198. 198.],5
446,[161. 161. 161. ... 169. 169. 169.],5
447,[187. 188. 189. ... 194. 194. 194.],5
448,[171. 172. 172. ... 186. 186. 186.],5
449,[170. 171. 172. ... 182. 181. 181.],5
450,[187. 188. 188. ... 197. 197. 197.],5
451,[160. 160. 160. ... 173. 173. 173.],5
452,[164. 164. 166. ...  43.  44.  45.],5
453,[157. 158. 159. ... 172. 172. 172.],5
454,[172. 172. 172. ... 188. 188. 188.],5
455,[169. 169. 169. ... 163. 164. 165.],5
456,[181. 181. 181. ... 182. 181. 179.],5
457,[166. 165. 165. ...  52.  59.  60.],5
458,[189. 190. 191. ... 188. 188. 189.],5
459,[186. 187. 188. ... 212. 212. 212.],5
460,[168. 168. 168. ... 170. 170. 169.],5
461,[170. 171. 172. ... 190. 191. 191.],5
462,[176. 176. 176. ... 194. 194. 194.],5
463,[194. 194. 194. ... 185. 186. 186.],5
464,[192. 191. 191. ... 192. 192. 192.],5
465,[186. 186. 187. ... 192. 192. 192.],5
466,[178. 178. 179. ... 178. 178. 178.],5
467,[196. 197. 197. ... 190. 190. 190.],5
468,[171. 170. 170. ... 186. 186. 185.],5
469,[163. 165. 167. ... 162. 162. 162.],5
470,[175. 176. 177. ... 185. 185. 185.],5
471,[184. 183. 183. ...  81.  91. 118.],5
472,[204. 203. 203. ... 215. 215. 215.],5
473,[209. 208. 208. ... 209. 209. 209.],5
474,[157. 157. 157. ... 172. 172. 172.],6
475,[172. 175. 177. ... 170. 170. 169.],6
476,[173. 171. 168. ... 164. 164. 164.],6
477,[191. 192. 193. ... 183. 183. 183.],6
478,[175. 175. 176. ... 170. 171. 173.],6
479,[196. 197. 197. ... 187. 188. 189.],6
480,[171. 171. 171. ... 168. 168. 168.],6
481,[183. 183. 183. ... 166. 168. 169.],6
482,[186. 185. 183. ... 177. 177. 177.],6
483,[175. 178. 182. ... 183. 183. 183.],6
484,[222. 221. 221. ... 215. 215. 214.],6
485,[174. 174. 173. ... 193. 192. 190.],6
486,[178. 178. 178. ... 157. 156. 153.],6
487,[196. 194. 194. ... 190. 191. 191.],6
488,[156. 157. 157. ... 237. 236. 235.],6
489,[166. 167. 169. ... 181. 181. 181.],6
490,[166. 164. 162. ... 201. 200. 199.],6
491,[194. 193. 193. ... 196. 196. 196.],6
492,[148. 148. 148. ... 166. 167. 169.],6
493,[173. 173. 173. ... 193. 194. 196.],6
494,[171. 170. 170. ...  46.  44.  41.],6
495,[171. 169. 168. ... 156. 155. 155.],6
496,[175. 175. 176. ... 162. 162. 162.],6
497,[173. 173. 173. ... 203. 202. 201.],6
498,[184. 185. 186. ... 170. 170. 170.],6
499,[167. 168. 169. ... 168. 168. 169.],6
500,[177. 179. 183. ... 158. 158. 157.],6
501,[195. 195. 196. ... 180. 180. 180.],6
502,[185. 186. 187. ... 168. 169. 169.],6
503,[194. 194. 194. ... 181. 179. 178.],6
504,[210. 211. 211. ... 179. 182. 187.],6
505,[178. 179. 179. ... 170. 170. 171.],6
506,[192. 194. 195. ... 182. 181. 181.],6
507,[209. 209. 209. ... 215. 216. 216.],6
508,[176. 176. 177. ... 177. 177. 177.],6
509,[252. 252. 252. ... 248. 248. 248.],6
510,[185. 185. 185. ... 176. 177. 178.],6
511,[181. 179. 178. ... 176. 176. 175.],6
512,[191. 190. 190. ... 179. 178. 178.],6
513,[177. 177. 177. ... 171. 171. 171.],6
514,[168. 169. 169. ...  69.  63.  57.],6
515,[224. 224. 224. ... 227. 227. 227.],6
516,[159. 159. 159. ... 169. 169. 168.],6
517,[170. 170. 170. ... 177. 177. 177.],6
518,[191. 191. 190. ... 170. 172. 173.],6
519,[167. 168. 169. ...  42.  39.  38.],6
520,[176. 176. 176. ... 186. 186. 186.],6
521,[179. 179. 179. ... 182. 181. 181.],6
522,[175. 175. 175. ... 167. 167. 167.],6
523,[175. 176. 177. ... 167. 167. 166.],6
524,[179. 179. 179. ...  49.  51.  52.],6
525,[167. 166. 164. ... 169. 169. 169.],6
526,[197. 196. 196. ... 190. 190. 190.],6
527,[175. 175. 175. ... 165. 165. 165.],6
528,[199. 200. 201. ... 190. 190. 190.],6
529,[185. 186. 186. ... 179. 179. 179.],6
530,[170. 170. 170. ... 167. 168. 168.],6
531,[175. 176. 177. ... 166. 166. 165.],6
532,[177. 178. 179. ... 169. 169. 168.],6
533,[164. 164. 164. ... 184. 184. 183.],6
534,[173. 172. 172. ... 177. 176. 176.],6
535,[180. 180. 180. ... 181. 178. 175.],6
536,[169. 169. 170. ... 141. 141. 141.],6
537,[185. 185. 185. ...  76.  82.  87.],6
538,[189. 189. 189. ... 197. 197. 197.],6
539,[174. 174. 174. ... 189. 189. 189.],6
540,[190. 190. 190. ... 185. 185. 185.],6
541,[167. 168. 169. ...  47.  46.  45.],6
542,[162. 162. 162. ... 177. 177. 177.],6
543,[197. 197. 197. ...  70. 100. 118.],6
544,[164. 166. 167. ... 184. 184. 184.],6
545,[185. 184. 184. ... 177. 177. 177.],6
546,[170. 171. 172. ... 173. 173. 173.],6
547,[162. 162. 162. ...  45.  42.  42.],6
548,[191. 191. 190. ... 188. 188. 189.],6
549,[185. 186. 187. ... 186. 186. 186.],6
550,[188. 187. 187. ... 205. 205. 205.],6
551,[166. 167. 169. ... 186. 186. 186.],6
552,[172. 173. 174. ... 192. 192. 192.],6
553,[175. 175. 175. ... 192. 192. 192.],6
554,[179. 180. 181. ... 213. 207. 201.],6
555,[179. 178. 177. ... 182. 182. 182.],6
556,[209. 209. 209. ... 211. 211. 211.],6
557,[176. 176. 177. ... 176. 176. 176.],6
558,[173. 173. 172. ...  95.  96. 107.],6
559,[172. 173. 175. ... 171. 171. 171.],6
560,[179. 179. 179. ... 199. 200. 200.],6
561,[203. 203. 203. ... 218. 218. 218.],6
562,[180. 180. 180. ... 198. 198. 198.],6
563,[211. 212. 213. ... 212. 212. 212.],6
564,[163. 164. 165. ... 180. 180. 181.],7
565,[187. 186. 187. ... 182. 183. 183.],7
566,[198. 199. 198. ...  41.  40.  39.],7
567,[178. 175. 173. ... 174. 174. 174.],7
568,[195. 197. 199. ... 189. 188. 188.],7
569,[176. 176. 177. ... 179. 179. 180.],7
570,[182. 182. 181. ... 177. 176. 176.],7
571,[171. 172. 172. ... 169. 168. 168.],7
572,[200. 200. 200. ... 150. 153. 154.],7
573,[173. 174. 175. ... 171. 171. 171.],7
574,[176. 178. 180. ... 185. 184. 184.],7
575,[187. 188. 189. ... 180. 180. 179.],7
576,[176. 178. 182. ... 176. 180. 180.],7
577,[183. 183. 183. ... 142. 140. 140.],7
578,[171. 169. 168. ... 172. 172. 171.],7
579,[172. 172. 172. ... 177. 177. 177.],7
580,[178. 179. 179. ...  53.  53.  52.],7
581,[206. 205. 205. ... 193. 191. 189.],7
582,[179. 177. 175. ... 175. 175. 175.],7
583,[163. 163. 163. ...  61.  64.  64.],7
584,[178. 178. 176. ...  36.  35.  34.],7
585,[209. 209. 209. ... 208. 208. 208.],7
586,[170. 171. 172. ... 156. 156. 156.],7
587,[190. 193. 198. ... 186. 186. 186.],7
588,[173. 174. 176. ... 168. 168. 168.],7
589,[172. 173. 175. ... 162. 162. 163.],7
590,[187. 187. 187. ... 171. 170. 170.],7
591,[177. 177. 177. ... 155. 157. 158.],7
592,[200. 201. 204. ... 176. 176. 176.],7
593,[197. 197. 198. ... 197. 194. 189.],7
594,[195. 195. 196. ... 176. 174. 173.],7
595,[213. 213. 213. ...  39.  36.  32.],7
596,[201. 202. 204. ... 178. 179. 179.],7
597,[187. 187. 187. ... 165. 165. 165.],7
598,[217. 217. 217. ... 207. 207. 207.],7
599,[183. 184. 185. ...  86.  84.  89.],7
600,[167. 167. 167. ... 165. 164. 163.],7
601,[221. 221. 221. ...  57.  56.  55.],7
602,[175. 175. 175. ... 184. 186. 187.],7
603,[179. 180. 182. ... 171. 172. 173.],7
604,[185. 185. 185. ... 186. 183. 182.],7
605,[199. 199. 199. ... 192. 192. 193.],7
606,[181. 181. 181. ... 170. 170. 170.],7
607,[176. 176. 176. ... 171. 170. 170.],7
608,[181. 181. 183. ... 158. 158. 158.],7
609,[174. 174. 174. ...  78.  77.  78.],7
610,[165. 166. 167. ... 163. 164. 164.],7
611,[177. 177. 177. ... 126. 134. 140.],7
612,[188. 188. 188. ... 195. 196. 196.],7
613,[194. 194. 194. ... 179. 179. 178.],7
614,[188. 189. 190. ... 170. 170. 170.],7
615,[189. 189. 190. ... 120. 128. 130.],7
616,[170. 171. 172. ... 184. 184. 184.],7
617,[180. 180. 180. ... 188. 187. 187.],7
618,[212. 212. 212. ... 196. 196. 196.],7
619,[207. 206. 206. ... 190. 191. 192.],7
620,[186. 186. 185. ... 171. 173. 174.],7
621,[175. 176. 176. ... 165. 165. 165.],7
622,[187. 186. 185. ... 168. 168. 168.],7
623,[179. 180. 182. ... 190. 191. 191.],7
624,[193. 193. 193. ... 202. 203. 204.],7
625,[211. 209. 208. ... 190. 190. 189.],7
626,[168. 168. 169. ... 177. 177. 177.],7
627,[183. 184. 185. ... 180. 180. 180.],7
628,[179. 179. 179. ... 171. 171. 170.],7
629,[178. 178. 179. ... 170. 170. 169.],7
630,[185. 185. 185. ...  80.  85.  80.],7
631,[181. 183. 185. ...  55.  55.  53.],7
632,[169. 169. 169. ... 178. 178. 178.],7
633,[172. 173. 175. ... 163. 163. 164.],7
634,[169. 169. 169. ...  33.  33.  37.],7
635,[157. 157. 157. ... 172. 172. 171.],7
636,[185. 186. 187. ... 228. 225. 220.],7
637,[207. 208. 208. ... 214. 214. 214.],7
638,[191. 192. 192. ... 189. 189. 189.],7
639,[169. 170. 171. ...  46.  42.  39.],7
640,[170. 171. 172. ... 182. 182. 182.],7
641,[176. 175. 175. ... 179. 178. 178.],7
642,[170. 170. 170. ... 100.  99.  97.],7
643,[170. 169. 167. ... 167. 166. 166.],7
644,[180. 181. 181. ... 198. 198. 198.],7
645,[184. 182. 181. ... 178. 178. 178.],7
646,[200. 201. 201. ... 207. 207. 207.],7
647,[210. 210. 208. ... 208. 208. 208.],7
648,[202. 202. 201. ... 203. 203. 203.],7
649,[198. 198. 198. ... 195. 195. 195.],7
650,[173. 175. 176. ... 108. 106. 110.],7
651,[176. 176. 177. ... 120. 121. 122.],7
652,[182. 182. 183. ... 200. 200. 200.],7
653,[165. 165. 166. ... 181. 181. 181.],8
654,[172. 170. 168. ... 166. 166. 166.],8
655,[176. 176. 176. ... 173. 174. 175.],8
656,[191. 190. 189. ... 181. 182. 182.],8
657,[177. 178. 178. ... 177. 178. 178.],8
658,[185. 184. 183. ... 177. 178. 178.],8
659,[198. 198. 198. ... 167. 167. 167.],8
660,[190. 190. 189. ... 175. 175. 175.],8
661,[217. 216. 216. ... 207. 207. 207.],8
662,[181. 181. 181. ...  49.  48.  44.],8
663,[188. 189. 190. ... 183. 182. 180.],8
664,[165. 166. 166. ...  84.  83.  80.],8
665,[214. 214. 214. ... 145. 143. 142.],8
666,[161. 161. 161. ... 175. 170. 164.],8
667,[183. 181. 180. ... 153. 156. 159.],8
668,[170. 171. 173. ... 168. 167. 167.],8
669,[191. 190. 188. ...  67.  68.  69.],8
670,[186. 186. 187. ... 190. 190. 191.],8
671,[190. 190. 190. ... 196. 191. 187.],8
672,[183. 184. 185. ... 190. 189. 188.],8
673,[172. 172. 173. ... 222. 223. 223.],8
674,[167. 168. 168. ... 180. 181. 181.],8
675,[184. 184. 184. ...  89. 104. 114.],8
676,[180. 178. 176. ... 177. 177. 177.],8
677,[187. 189. 191. ... 184. 185. 186.],8
678,[181. 181. 183. ... 179. 198. 214.],8
679,[169. 169. 169. ... 192. 192. 192.],8
680,[208. 208. 208. ... 206. 205. 205.],8
681,[172. 172. 172. ... 156. 155. 155.],8
682,[202. 202. 202. ... 192. 192. 192.],8
683,[191. 191. 191. ... 171. 173. 175.],8
684,[179. 180. 181. ... 169. 171. 169.],8
685,[166. 167. 168. ... 169. 169. 169.],8
686,[178. 178. 178. ... 160. 159. 157.],8
687,[202. 200. 199. ... 202. 194. 178.],8
688,[168. 168. 168. ... 192. 192. 192.],8
689,[190. 190. 192. ... 169. 169. 169.],8
690,[200. 200. 200. ... 181. 180. 180.],8
691,[207. 207. 209. ... 186. 185. 185.],8
692,[179. 179. 179. ... 165. 165. 165.],8
693,[189. 190. 191. ... 208. 195. 186.],8
694,[175. 175. 175. ... 161. 161. 161.],8
695,[214. 215. 216. ... 205. 205. 205.],8
696,[197. 197. 197. ... 195. 195. 195.],8
697,[179. 179. 179. ... 175. 175. 175.],8
698,[176. 176. 176. ... 188. 188. 188.],8
699,[186. 186. 186. ... 175. 175. 175.],8
700,[188. 188. 189. ... 180. 180. 179.],8
701,[187. 187. 187. ... 180. 180. 180.],8
702,[185. 185. 185. ... 194. 194. 194.],8
703,[179. 179. 179. ... 173. 173. 173.],8
704,[178. 179. 180. ... 159. 161. 162.],8
705,[201. 201. 202. ... 166. 166. 167.],8
706,[186. 187. 188. ... 193. 193. 193.],8
707,[175. 175. 177. ...  38.  36.  33.],8
708,[169. 170. 171. ... 181. 181. 181.],8
709,[205. 205. 205. ... 196. 196. 196.],8
710,[180. 180. 180. ... 182. 182. 182.],8
711,[181. 180. 180. ... 185. 186. 186.],8
712,[179. 179. 179. ... 170. 170. 169.],8
713,[210. 210. 210. ...  49.  52.  54.],8
714,[186. 186. 186. ...  50.  51.  51.],8
715,[187. 187. 187. ... 215. 215. 215.],8
716,[194. 195. 197. ... 183. 183. 183.],8
717,[170. 170. 171. ... 176. 177. 177.],8
718,[168. 168. 168. ... 174. 174. 173.],8
719,[172. 173. 174. ... 105. 103.  96.],8
720,[182. 183. 183. ... 171. 178. 185.],8
721,[169. 169. 169. ... 153. 162. 165.],8
722,[183. 182. 182. ...  78.  85.  90.],8
723,[192. 192. 192. ... 197. 197. 197.],8
724,[171. 171. 171. ... 199. 199. 199.],8
725,[159. 158. 158. ... 172. 173. 173.],8
726,[175. 175. 175. ... 188. 188. 188.],8
727,[189. 190. 190. ... 203. 203. 203.],8
728,[193. 192. 191. ... 190. 190. 190.],8
729,[206. 205. 205. ... 199. 199. 199.],8
730,[191. 190. 189. ... 187. 187. 187.],8
731,[184. 186. 188. ... 181. 181. 181.],8
732,[162. 163. 165. ... 195. 195. 195.],8
733,[181. 182. 183. ...  82.  83.  84.],8
734,[171. 171. 171. ... 170. 170. 170.],8
735,[172. 172. 172. ... 191. 191. 191.],8
736,[170. 170. 170. ... 186. 186. 186.],8
737,[173. 173. 174. ... 181. 181. 182.],8
738,[198. 201. 204. ...  61.  62.  68.],8
739,[180. 180. 180. ... 180. 180. 180.],8
740,[165. 166. 167. ...  69.  69.  69.],8
741,[178. 177. 176. ... 101. 104. 104.],8
742,[196. 196. 197. ... 197. 197. 197.],8
743,[186. 185. 185. ... 202. 202. 202.],8
744,[170. 173. 175. ... 167. 166. 165.],8
745,[182. 182. 183. ... 193. 192. 192.],8
746,[196. 196. 197. ...  65.  65.  64.],8
747,[185. 185. 185. ... 203. 203. 203.],8
748,[159. 159. 159. ... 176. 176. 176.],9
749,[179. 180. 182. ... 176. 175. 175.],9
750,[187. 187. 186. ... 169. 169. 169.],9
751,[201. 201. 200. ...  42.  40.  39.],9
752,[193. 197. 200. ... 188. 188. 188.],9
753,[209. 209. 209. ... 139. 140. 140.],9
754,[173. 174. 174. ... 164. 164. 164.],9
755,[201. 202. 202. ... 158. 157. 155.],9
756,[178. 180. 182. ... 181. 182. 182.],9
757,[172. 173. 175. ... 165. 163. 161.],9
758,[171. 171. 172. ... 181. 181. 181.],9
759,[162. 162. 162. ... 166. 167. 172.],9
760,[194. 191. 187. ... 189. 188. 188.],9
761,[173. 173. 173. ... 180. 180. 180.],9
762,[169. 169. 170. ... 184. 184. 184.],9
763,[167. 168. 168. ... 179. 179. 179.],9
764,[183. 183. 182. ...  60.  61.  62.],9
765,[192. 192. 192. ... 184. 183. 183.],9
766,[201. 201. 200. ... 218. 221. 220.],9
767,[188. 188. 188. ... 184. 184. 184.],9
768,[169. 170. 171. ... 193. 193. 193.],9
769,[149. 150. 151. ... 165. 165. 165.],9
770,[173. 173. 174. ... 156. 156. 156.],9
771,[174. 175. 176. ... 171. 171. 171.],9
772,[173. 175. 177. ... 160. 161. 161.],9
773,[191. 192. 193. ...  37.  38.  38.],9
774,[173. 173. 173. ... 206. 205. 204.],9
775,[188. 188. 190. ... 168. 166. 164.],9
776,[180. 180. 179. ... 166. 164. 163.],9
777,[182. 184. 186. ... 167. 166. 166.],9
778,[210. 211. 211. ... 163. 167. 169.],9
779,[186. 187. 188. ... 163. 163. 163.],9
780,[191. 193. 196. ... 180. 179. 179.],9
781,[165. 165. 165. ... 114. 114. 117.],9
782,[200. 200. 200. ... 198. 198. 198.],9
783,[209. 209. 209. ... 216. 216. 217.],9
784,[167. 168. 169. ... 166. 161. 163.],9
785,[213. 213. 213. ...  57.  60.  59.],9
786,[190. 189. 189. ... 185. 186. 186.],9
787,[178. 178. 178. ... 171. 171. 171.],9
788,[177. 177. 177. ... 171. 171. 171.],9
789,[181. 181. 181. ... 168. 168. 168.],9
790,[221. 221. 221. ... 226. 226. 226.],9
791,[204. 205. 206. ... 191. 191. 191.],9
792,[184. 185. 186. ... 173. 172. 172.],9
793,[183. 184. 185. ... 173. 173. 173.],9
794,[210. 210. 211. ... 209. 214. 222.],9
795,[181. 181. 182. ... 179. 180. 179.],9
796,[210. 211. 211. ... 187. 187. 188.],9
797,[213. 213. 213. ... 200. 200. 199.],9
798,[197. 198. 198. ... 185. 184. 182.],9
799,[204. 204. 205. ... 198. 198. 197.],9
800,[181. 182. 182. ... 185. 185. 185.],9
801,[190. 191. 191. ... 183. 183. 183.],9
802,[192. 193. 195. ... 185. 184. 183.],9
803,[161. 161. 161. ... 184. 184. 184.],9
804,[166. 165. 165. ... 179. 179. 178.],9
805,[180. 180. 179. ... 106. 107. 101.],9
806,[168. 168. 168. ...  36.  43.  43.],9
807,[200. 201. 201. ... 193. 193. 193.],9
808,[198. 197. 195. ...  82.  85.  87.],9
809,[171. 171. 171. ... 198. 198. 198.],9
810,[179. 181. 184. ... 175. 175. 175.],9
811,[169. 169. 169. ... 158. 170. 182.],9
812,[179. 180. 182. ... 191. 191. 191.],9
813,[171. 170. 170. ... 164. 164. 164.],9
814,[160. 160. 160. ... 174. 174. 174.],9
815,[176. 176. 176. ...  92.  94.  93.],9
816,[174. 174. 174. ... 171. 171. 170.],9
817,[172. 172. 172. ... 183. 183. 183.],9
818,[172. 172. 171. ... 165. 165. 165.],9
819,[177. 177. 177. ... 110. 112. 114.],9
820,[163. 163. 163. ... 198. 197. 197.],9
821,[169. 169. 169. ...  97.  96.  95.],9
822,[187. 187. 187. ... 188. 188. 189.],9
823,[175. 175. 175. ...  48.  49.  51.],9
824,[177. 177. 176. ... 175. 175. 174.],9
825,[175. 176. 176. ... 183. 183. 183.],9
826,[186. 187. 187. ... 190. 190. 191.],9
827,[169. 170. 170. ...  84. 111. 138.],9
828,[197. 197. 197. ... 201. 201. 201.],9
829,[183. 183. 182. ... 180. 180. 180.],9
830,[175. 175. 176. ... 124. 143. 163.],9
831,[186. 185. 182. ... 188. 188. 188.],9
832,[198. 199. 200. ...  64.  63.  65.],9
833,[176. 176. 178. ... 181. 180. 180.],9
834,[200. 201. 201. ... 200. 200. 200.],9
835,[176. 175. 175. ... 172. 171. 170.],10
836,[156. 157. 158. ... 173. 173. 174.],10
837,[197. 197. 197. ...  43.  43.  42.],10
838,[179. 178. 177. ...  74.  81.  87.],10
839,[190. 190. 191. ... 188. 187. 187.],10
840,[174. 175. 175. ... 168. 168. 168.],10
841,[191. 192. 194. ... 156. 156. 156.],10
842,[197. 192. 187. ... 178. 179. 179.],10
843,[171. 172. 173. ... 161. 161. 161.],10
844,[177. 177. 177. ...  94.  96.  98.],10
845,[228. 228. 226. ... 146. 144. 143.],10
846,[155. 155. 155. ... 176. 176. 176.],10
847,[183. 185. 188. ... 180. 179. 178.],10
848,[202. 201. 199. ... 197. 198. 198.],10
849,[176. 175. 175. ... 178. 177. 176.],10
850,[203. 204. 206. ... 118. 117. 119.],10
851,[164. 164. 164. ...  57.  59.  61.],10
852,[149. 149. 150. ... 163. 162. 162.],10
853,[199. 200. 201. ... 194. 197. 200.],10
854,[174. 173. 173. ... 157. 156. 155.],10
855,[199. 199. 200. ... 188. 188. 188.],10
856,[174. 174. 174. ... 211. 211. 211.],10
857,[179. 178. 177. ... 185. 185. 185.],10
858,[177. 176. 174. ... 161. 160. 159.],10
859,[175. 177. 179. ... 159. 159. 159.],10
860,[194. 194. 194. ... 179. 179. 180.],10
861,[206. 206. 207. ... 207. 207. 203.],10
862,[176. 176. 176. ... 149. 149. 149.],10
863,[193. 193. 193. ... 165. 164. 164.],10
864,[188. 187. 187. ... 176. 176. 177.],10
865,[200. 200. 201. ... 175. 175. 175.],10
866,[179. 180. 181. ... 167. 167. 167.],10
867,[178. 178. 179. ... 167. 166. 165.],10
868,[223. 223. 222. ... 218. 218. 218.],10
869,[161. 162. 162. ... 110. 110. 111.],10
870,[197. 198. 199. ... 192. 193. 193.],10
871,[182. 182. 183. ... 198. 198. 198.],10
872,[197. 197. 197. ... 158. 161. 163.],10
873,[170. 170. 170. ... 167. 167. 167.],10
874,[168. 168. 168. ... 151. 149. 150.],10
875,[253. 253. 253. ... 249. 249. 249.],10
876,[174. 174. 174. ... 183. 183. 183.],10
877,[172. 172. 172. ... 181. 182. 182.],10
878,[194. 194. 195. ... 188. 188. 188.],10
879,[180. 178. 176. ... 159. 159. 159.],10
880,[202. 202. 202. ... 189. 188. 188.],10
881,[192. 192. 192. ... 199. 199. 199.],10
882,[189. 190. 190. ... 183. 183. 183.],10
883,[189. 190. 191. ... 171. 171. 170.],10
884,[182. 183. 183. ... 137. 134. 130.],10
885,[178. 178. 178. ...  57.  58.  58.],10
886,[183. 183. 183. ... 136. 131. 130.],10
887,[175. 175. 175. ... 164. 164. 164.],10
888,[214. 214. 214. ... 207. 208. 208.],10
889,[181. 181. 181. ...  51.  51.  52.],10
890,[168. 168. 168. ... 176. 176. 176.],10
891,[181. 182. 183. ... 175. 175. 175.],10
892,[204. 204. 204. ... 195. 197. 198.],10
893,[194. 193. 193. ... 184. 183. 183.],10
894,[185. 185. 183. ... 180. 179. 178.],10
895,[172. 173. 174. ...  68.  68.  67.],10
896,[166. 167. 168. ...  75.  79.  71.],10
897,[189. 190. 190. ...  75.  95. 122.],10
898,[181. 180. 180. ... 183. 180. 177.],10
899,[154. 154. 154. ... 182. 183. 183.],10
900,[169. 169. 169. ... 164. 164. 164.],10
901,[185. 185. 185. ... 209. 209. 209.],10
902,[171. 172. 173. ... 183. 184. 184.],10
903,[179. 179. 179. ... 191. 191. 191.],10
904,[170. 169. 168. ... 162. 162. 162.],10
905,[151. 152. 153. ... 190. 191. 193.],10
906,[194. 193. 191. ... 168. 179. 175.],10
907,[170. 171. 172. ... 183. 183. 183.],10
908,[170. 170. 170. ... 185. 185. 185.],10
909,[164. 164. 165. ...  54.  53.  53.],10
910,[186. 186. 186. ... 185. 185. 185.],10
911,[162. 161. 161. ... 197. 196. 196.],10
912,[184. 185. 187. ... 188. 187. 186.],10
913,[186. 186. 187. ... 201. 201. 201.],10
914,[207. 208. 209. ... 209. 209. 209.],10
915,[209. 209. 208. ... 205. 205. 205.],10
916,[196. 196. 196. ... 199. 199. 198.],10
917,[161. 163. 166. ... 162. 162. 162.],10
918,[195. 197. 198. ...  63.  65.  65.],10
919,[210. 210. 210. ... 221. 221. 221.],10
920,[191. 192. 193. ... 194. 194. 194.],10
921,[168. 169. 171. ... 170. 170. 170.],11
922,[175. 175. 176. ... 172. 173. 174.],11
923,[173. 172. 172. ... 173. 173. 173.],11
924,[174. 174. 174. ... 176. 176. 176.],11
925,[176. 177. 178. ... 179. 179. 179.],11
926,[191. 186. 182. ... 176. 175. 175.],11
927,[173. 173. 174. ... 164. 164. 164.],11
928,[174. 175. 176. ... 178. 179. 180.],11
929,[173. 173. 174. ... 180. 180. 180.],11
930,[152. 151. 151. ... 173. 172. 172.],11
931,[191. 190. 188. ... 191. 190. 188.],11
932,[184. 186. 188. ... 188. 187. 187.],11
933,[154. 154. 154. ... 172. 172. 172.],11
934,[205. 207. 209. ... 201. 200. 199.],11
935,[141. 141. 141. ... 165. 166. 166.],11
936,[173. 173. 173. ... 195. 195. 195.],11
937,[152. 150. 149. ... 169. 167. 165.],11
938,[175. 176. 178. ... 170. 170. 171.],11
939,[180. 180. 180. ... 174. 174. 174.],11
940,[173. 175. 176. ... 163. 163. 163.],11
941,[188. 186. 184. ... 210. 228. 209.],11
942,[168. 169. 169. ... 168. 168. 168.],11
943,[178. 178. 180. ... 158. 158. 158.],11
944,[206. 206. 207. ... 207. 207. 203.],11
945,[182. 183. 183. ...  26.  25.  21.],11
946,[194. 195. 196. ...  70.  69.  71.],11
947,[196. 195. 193. ... 176. 176. 176.],11
948,[207. 206. 206. ...  60.  63.  64.],11
949,[181. 181. 182. ... 171. 171. 171.],11
950,[184. 184. 184. ... 169. 169. 169.],11
951,[168. 168. 168. ... 170. 170. 170.],11
952,[218. 219. 219. ... 208. 207. 207.],11
953,[153. 153. 153. ... 160. 161. 163.],11
954,[194. 195. 195. ... 192. 192. 192.],11
955,[202. 202. 202. ... 210. 210. 210.],11
956,[179. 179. 179. ... 178. 178. 178.],11
957,[194. 195. 197. ... 161. 170. 175.],11
958,[169. 169. 170. ... 165. 165. 165.],11
959,[168. 168. 168. ... 165. 162. 159.],11
960,[248. 248. 248. ... 250. 250. 250.],11
961,[223. 223. 223. ...  58.  61.  67.],11
962,[182. 183. 185. ... 173. 173. 173.],11
963,[182. 181. 181. ... 172. 171. 170.],11
964,[177. 177. 177. ... 187. 187. 188.],11
965,[195. 195. 195. ... 187. 187. 186.],11
966,[177. 177. 177. ... 170. 172. 173.],11
967,[176. 177. 179. ... 167. 167. 167.],11
968,[168. 168. 168. ...  59.  51.  46.],11
969,[177. 177. 177. ... 169. 169. 169.],11
970,[180. 181. 181. ... 170. 171. 171.],11
971,[192. 192. 192. ... 168. 168. 168.],11
972,[174. 174. 174. ... 169. 169. 169.],11
973,[209. 210. 210. ... 244. 246. 236.],11
974,[182. 182. 182. ... 158. 162. 167.],11
975,[209. 209. 209. ... 188. 190. 191.],11
976,[205. 205. 205. ... 187. 187. 187.],11
977,[208. 209. 209. ... 202. 202. 202.],11
978,[188. 186. 185. ... 179. 179. 180.],11
979,[179. 179. 179. ... 183. 183. 183.],11
980,[214. 215. 216. ... 210. 210. 210.],11
981,[182. 181. 181. ...  49.  46.  44.],11
982,[183. 183. 183. ... 188. 188. 188.],11
983,[165. 166. 167. ...  62.  62.  68.],11
984,[179. 178. 176. ... 167. 167. 167.],11
985,[178. 178. 179. ... 144. 143. 142.],11
986,[171. 171. 171. ... 168. 163. 159.],11
987,[167. 167. 167. ... 162. 162. 161.],11
988,[175. 175. 175. ... 183. 183. 182.],11
989,[194. 193. 193. ...  84.  84.  85.],11
990,[169. 169. 169. ... 191. 191. 191.],11
991,[192. 191. 191. ... 182. 182. 182.],11
992,[187. 185. 185. ... 178. 178. 178.],11
993,[170. 169. 169. ... 187. 187. 187.],11
994,[168. 168. 168. ... 165. 165. 165.],11
995,[182. 185. 188. ... 231. 231. 233.],11
996,[178. 179. 180. ... 194. 194. 194.],11
997,[161. 161. 161. ... 173. 172. 172.],11
998,[171. 172. 172. ...  80.  82.  84.],11
999,[175. 176. 177. ... 172. 172. 172.],11
1000,[167. 167. 168. ... 180. 180. 180.],11
1001,[203. 201. 200. ... 197. 197. 197.],11
1002,[186. 186. 186. ... 181. 180. 180.],11
1003,[176. 175. 174. ... 222. 220. 219.],11
1004,[208. 209. 209. ... 199. 199. 198.],11
1005,[187. 188. 190. ... 203. 203. 203.],11
1006,[166. 165. 165. ... 201. 201. 201.],11
1007,[171. 171. 171. ...  94.  94.  94.],11
1008,[181. 182. 183. ... 196. 198. 197.],11
1009,[176. 176. 175. ... 176. 176. 176.],11
1010,[175. 175. 176. ... 182. 182. 182.],11
1011,[209. 210. 212. ... 213. 213. 213.],11
1012,[196. 198. 198. ... 195. 195. 195.],11
1013,[198. 198. 198. ... 194. 194. 194.],11
1014,[164. 165. 165. ...  68.  70.  71.],11
1015,[168. 167. 167. ... 187. 187. 187.],11
1016,[175. 175. 176. ... 175. 175. 175.],11
1017,[175. 175. 175. ... 197. 197. 197.],11
1018,[196. 196. 197. ...  62.  62.  61.],11
1019,[187. 187. 188. ... 205. 204. 204.],11
1020,[202. 202. 202. ... 188. 187. 187.],12
1021,[151. 152. 153. ... 170. 170. 171.],12
1022,[173. 172. 172. ... 168. 169. 171.],12
1023,[193. 192. 191. ... 181. 181. 181.],12
1024,[176. 176. 176. ... 173. 173. 173.],12
1025,[177. 177. 177. ... 178. 178. 178.],12
1026,[180. 180. 181. ... 183. 183. 183.],12
1027,[174. 175. 175. ... 161. 162. 162.],12
1028,[180. 180. 181. ... 181. 181. 181.],12
1029,[176. 178. 179. ... 182. 181. 181.],12
1030,[213. 213. 213. ... 211. 211. 211.],12
1031,[198. 199. 199. ... 183. 183. 183.],12
1032,[191. 189. 188. ... 178. 177. 176.],12
1033,[166. 165. 165. ... 169. 169. 168.],12
1034,[167. 168. 169. ... 167. 167. 167.],12
1035,[188. 188. 189. ... 191. 192. 192.],12
1036,[172. 171. 171. ... 176. 176. 176.],12
1037,[191. 192. 192. ... 195. 196. 196.],12
1038,[165. 168. 171. ... 226. 215. 205.],12
1039,[146. 147. 148. ... 166. 166. 166.],12
1040,[169. 169. 168. ... 156. 168. 174.],12
1041,[149. 149. 149. ... 163. 161. 160.],12
1042,[210. 210. 211. ... 206. 206. 206.],12
1043,[195. 196. 198. ... 187. 187. 187.],12
1044,[190. 189. 187. ... 170. 171. 171.],12
1045,[180. 181. 182. ... 173. 173. 173.],12
1046,[181. 180. 179. ... 144. 157. 171.],12
1047,[167. 167. 169. ...  79.  77.  74.],12
1048,[185. 184. 183. ... 159. 157. 157.],12
1049,[205. 206. 208. ... 203. 205. 206.],12
1050,[195. 195. 193. ... 174. 173. 172.],12
1051,[190. 189. 188. ... 162. 162. 161.],12
1052,[195. 195. 196. ... 188. 189. 189.],12
1053,[168. 168. 168. ... 170. 170. 170.],12
1054,[226. 228. 230. ... 210. 210. 210.],12
1055,[224. 223. 223. ...  97. 104. 109.],12
1056,[179. 179. 179. ... 179. 179. 178.],12
1057,[178. 178. 178. ... 184. 185. 183.],12
1058,[168. 168. 168. ... 167. 167. 166.],12
1059,[243. 243. 243. ... 245. 245. 245.],12
1060,[217. 217. 217. ...  61.  61.  61.],12
1061,[184. 185. 186. ... 178. 178. 178.],12
1062,[182. 181. 181. ... 173. 173. 173.],12
1063,[186. 187. 188. ... 181. 180. 179.],12
1064,[182. 182. 182. ... 172. 172. 172.],12
1065,[196. 197. 198. ... 183. 182. 182.],12
1066,[210. 210. 210. ...  79.  78.  77.],12
1067,[181. 180. 180. ... 175. 174. 173.],12
1068,[163. 164. 165. ... 173. 173. 173.],12
1069,[170. 169. 168. ...  49.  50.  52.],12
1070,[199. 200. 201. ... 190. 190. 190.],12
1071,[180. 182. 184. ... 168. 168. 169.],12
1072,[205. 205. 204. ... 217. 233. 240.],12
1073,[193. 195. 198. ... 189. 189. 189.],12
1074,[185. 185. 186. ... 173. 171. 170.],12
1075,[186. 187. 187. ... 180. 180. 180.],12
1076,[191. 191. 191. ... 185. 186. 185.],12
1077,[217. 217. 217. ... 212. 212. 212.],12
1078,[163. 163. 163. ... 171. 171. 171.],12
1079,[208. 207. 205. ... 188. 188. 188.],12
1080,[182. 182. 182. ... 175. 175. 175.],12
1081,[167. 167. 167. ...  72.  82.  89.],12
1082,[179. 179. 180. ... 169. 169. 169.],12
1083,[164. 164. 164. ...  35.  27.  19.],12
1084,[172. 172. 172. ... 183. 183. 183.],12
1085,[185. 185. 185. ... 105. 106. 111.],12
1086,[161. 162. 162. ... 172. 172. 172.],12
1087,[178. 179. 179. ... 174. 174. 174.],12
1088,[168. 168. 168. ... 165. 165. 165.],12
1089,[173. 172. 172. ... 183. 183. 182.],12
1090,[173. 172. 171. ... 138. 155. 178.],12
1091,[190. 191. 191. ... 203. 203. 203.],12
1092,[209. 209. 209. ... 217. 217. 217.],12
1093,[172. 172. 172. ... 169. 169. 169.],12
1094,[172. 171. 171. ... 165. 165. 165.],12
1095,[186. 187. 188. ... 171. 171. 171.],12
1096,[187. 187. 188. ... 184. 184. 185.],12
1097,[174. 175. 175. ...  45.  47.  53.],12
1098,[185. 186. 187. ... 203. 203. 202.],12
1099,[205. 205. 205. ... 214. 214. 214.],12
1100,[209. 209. 209. ... 212. 212. 212.],12
1101,[197. 197. 198. ... 193. 193. 193.],12
1102,[167. 167. 167. ... 186. 186. 185.],12
1103,[182. 180. 179. ... 122. 121. 119.],12
1104,[182. 183. 184. ... 190. 190. 190.],12
1105,[192. 193. 194. ... 194. 194. 194.],12
1106,[198. 200. 203. ... 187. 187. 187.],13
1107,[168. 168. 168. ... 160. 160. 160.],13
1108,[215. 214. 214. ... 201. 200. 199.],13
1109,[171. 171. 171. ... 171. 171. 171.],13
1110,[168. 170. 172. ... 170. 170. 170.],13
1111,[179. 181. 184. ... 182. 182. 182.],13
1112,[194. 190. 186. ... 177. 177. 177.],13
1113,[172. 172. 172. ... 169. 167. 165.],13
1114,[170. 169. 169. ... 159. 159. 159.],13
1115,[193. 195. 196. ... 187. 186. 185.],13
1116,[188. 189. 191. ... 180. 178. 177.],13
1117,[178. 179. 182. ... 147. 149. 151.],13
1118,[177. 178. 179. ... 143. 139. 136.],13
1119,[184. 184. 185. ... 189. 189. 188.],13
1120,[164. 165. 166. ... 175. 175. 175.],13
1121,[176. 177. 180. ... 184. 184. 184.],13
1122,[156. 156. 156. ... 173. 172. 171.],13
1123,[170. 171. 171. ... 176. 176. 176.],13
1124,[191. 192. 193. ... 190. 190. 189.],13
1125,[168. 168. 170. ... 206. 207. 208.],13
1126,[129. 129. 129. ... 149. 150. 150.],13
1127,[162. 162. 161. ... 138. 142. 151.],13
1128,[208. 208. 208. ... 206. 206. 206.],13
1129,[172. 172. 171. ... 157. 157. 157.],13
1130,[180. 179. 177. ...  74. 129. 177.],13
1131,[168. 168. 168. ... 158. 157. 157.],13
1132,[172. 172. 172. ... 167. 166. 166.],13
1133,[195. 196. 198. ... 176. 176. 176.],13
1134,[206. 205. 204. ... 183. 182. 180.],13
1135,[185. 186. 188. ... 164. 164. 164.],13
1136,[188. 189. 190. ... 171. 171. 171.],13
1137,[167. 166. 164. ... 169. 169. 170.],13
1138,[162. 163. 164. ... 151. 151. 151.],13
1139,[211. 212. 213. ... 201. 202. 203.],13
1140,[190. 190. 190. ... 103. 102.  98.],13
1141,[186. 187. 187. ... 178. 178. 178.],13
1142,[183. 183. 183. ... 178. 180. 177.],13
1143,[171. 171. 171. ... 182. 182. 182.],13
1144,[213. 213. 213. ...  75.  75.  76.],13
1145,[193. 193. 193. ... 186. 186. 186.],13
1146,[177. 178. 179. ... 177. 176. 176.],13
1147,[202. 203. 204. ... 192. 192. 192.],13
1148,[188. 188. 188. ... 197. 197. 197.],13
1149,[180. 181. 183. ... 167. 167. 167.],13
1150,[166. 166. 166. ... 172. 172. 172.],13
1151,[173. 173. 173. ... 185. 185. 184.],13
1152,[183. 183. 183. ... 164. 144. 128.],13
1153,[211. 211. 211. ... 191. 192. 192.],13
1154,[216. 216. 217. ... 203. 203. 203.],13
1155,[192. 192. 193. ... 197. 197. 198.],13
1156,[194. 193. 192. ... 213. 208. 205.],13
1157,[220. 220. 220. ...  64.  65.  63.],13
1158,[183. 182. 182. ...  50.  51.  52.],13
1159,[162. 162. 162. ... 171. 171. 171.],13
1160,[207. 207. 206. ... 195. 195. 195.],13
1161,[182. 182. 182. ... 212. 212. 212.],13
1162,[197. 197. 197. ... 188. 188. 188.],13
1163,[168. 169. 170. ... 176. 176. 176.],13
1164,[187. 188. 189. ... 183. 182. 182.],13
1165,[174. 173. 173. ...  62.  64.  66.],13
1166,[178. 178. 178. ... 171. 170. 169.],13
1167,[160. 160. 160. ... 190. 190. 190.],13
1168,[176. 176. 176. ... 182. 182. 182.],13
1169,[173. 173. 173. ...  93.  92.  92.],13
1170,[197. 199. 199. ...  88.  91.  92.],13
1171,[186. 186. 186. ... 107. 106. 106.],13
1172,[160. 160. 160. ... 171. 171. 172.],13
1173,[195. 195. 195. ... 121. 121. 121.],13
1174,[167. 167. 167. ... 163. 163. 164.],13
1175,[197. 197. 196. ... 178. 181. 183.],13
1176,[172. 172. 172. ... 184. 184. 184.],13
1177,[183. 183. 183. ... 179. 179. 180.],13
1178,[176. 177. 179. ... 178. 178. 178.],13
1179,[209. 209. 209. ... 202. 202. 202.],13
1180,[165. 166. 167. ...  53.  56.  58.],13
1181,[200. 200. 200. ... 188. 188. 188.],13
1182,[185. 186. 188. ... 201. 202. 202.],13
1183,[188. 188. 187. ... 180. 180. 180.],13
1184,[169. 170. 170. ... 168. 168. 168.],13
1185,[180. 183. 185. ... 200. 205. 207.],13
1186,[176. 177. 178. ...  61.  68.  72.],13
1187,[187. 187. 187. ... 191. 190. 189.],13
1188,[175. 175. 175. ... 174. 174. 174.],13
1189,[197. 197. 198. ... 193. 193. 192.],13
1190,[162. 165. 169. ... 172. 174. 173.],13
1191,[194. 194. 194. ... 198. 198. 198.],13
1192,[182. 181. 180. ... 177. 177. 178.],13
1193,[169. 170. 172. ... 166. 166. 166.],13
1194,[161. 162. 163. ... 186. 186. 186.],13
1195,[183. 181. 179. ... 186. 186. 186.],13
1196,[194. 196. 197. ...  65.  64.  64.],13
1197,[208. 207. 207. ... 218. 218. 218.],13
1198,[172. 171. 169. ... 184. 183. 183.],13
1199,[197. 197. 197. ... 199. 194. 188.],14
1200,[176. 177. 177. ... 172. 172. 171.],14
1201,[174. 175. 178. ... 172. 172. 171.],14
1202,[179. 178. 178. ... 174. 174. 174.],14
1203,[193. 192. 191. ... 188. 189. 189.],14
1204,[173. 174. 176. ... 175. 175. 174.],14
1205,[169. 169. 169. ... 169. 168. 168.],14
1206,[175. 174. 173. ... 181. 182. 182.],14
1207,[162. 161. 161. ... 170. 170. 170.],14
1208,[178. 179. 182. ... 187. 187. 187.],14
1209,[230. 231. 231. ... 137. 137. 137.],14
1210,[173. 172. 171. ... 169. 169. 168.],14
1211,[188. 188. 189. ... 229. 228. 226.],14
1212,[174. 174. 176. ... 184. 183. 182.],14
1213,[174. 176. 178. ... 180. 180. 180.],14
1214,[168. 169. 169. ... 221. 220. 219.],14
1215,[167. 167. 167. ... 175. 176. 176.],14
1216,[170. 171. 173. ... 177. 177. 177.],14
1217,[170. 170. 169. ... 185. 185. 185.],14
1218,[166. 167. 169. ... 204. 204. 204.],14
1219,[185. 187. 189. ... 205. 208. 210.],14
1220,[145. 147. 149. ... 141. 155. 161.],14
1221,[167. 167. 167. ...  42.  44.  45.],14
1222,[200. 201. 203. ... 192. 191. 191.],14
1223,[215. 214. 214. ...  96. 101. 107.],14
1224,[181. 179. 177. ...  38.  37.  35.],14
1225,[181. 181. 181. ... 176. 167. 158.],14
1226,[177. 177. 176. ... 185. 185. 185.],14
1227,[156. 156. 156. ...  73.  65.  51.],14
1228,[175. 175. 177. ... 156. 156. 155.],14
1229,[194. 195. 195. ... 178. 178. 178.],14
1230,[193. 193. 194. ... 169. 169. 169.],14
1231,[196. 197. 198. ... 177. 178. 179.],14
1232,[183. 182. 181. ... 163. 165. 166.],14
1233,[180. 181. 184. ... 167. 167. 167.],14
1234,[153. 153. 153. ... 157. 157. 157.],14
1235,[208. 208. 208. ... 194. 194. 194.],14
1236,[201. 201. 201. ... 133. 136. 167.],14
1237,[189. 189. 189. ... 203. 202. 202.],14
1238,[169. 169. 169. ... 166. 166. 166.],14
1239,[167. 167. 167. ... 154. 154. 155.],14
1240,[183. 184. 185. ... 100. 102. 102.],14
1241,[187. 187. 187. ... 181. 181. 181.],14
1242,[183. 184. 184. ... 175. 175. 175.],14
1243,[167. 168. 170. ... 175. 175. 175.],14
1244,[202. 201. 201. ... 188. 189. 190.],14
1245,[189. 190. 190. ... 180. 180. 179.],14
1246,[181. 181. 181. ... 169. 169. 169.],14
1247,[176. 176. 176. ... 170. 171. 167.],14
1248,[172. 172. 172. ... 183. 182. 181.],14
1249,[191. 191. 191. ... 198. 197. 197.],14
1250,[192. 191. 191. ... 183. 183. 183.],14
1251,[184. 184. 184. ... 189. 189. 189.],14
1252,[193. 193. 191. ... 205. 199. 196.],14
1253,[181. 181. 180. ... 172. 172. 172.],14
1254,[205. 206. 207. ... 188. 188. 187.],14
1255,[180. 181. 182. ... 176. 176. 176.],14
1256,[169. 170. 171. ...  57.  66.  73.],14
1257,[168. 168. 168. ...  66.  63.  62.],14
1258,[181. 180. 179. ... 171. 171. 171.],14
1259,[168. 168. 168. ... 187. 187. 187.],14
1260,[170. 170. 170. ... 156. 158. 162.],14
1261,[167. 167. 167. ... 176. 176. 175.],14
1262,[175. 176. 178. ... 158. 157. 157.],14
1263,[201. 201. 201. ... 208. 208. 208.],14
1264,[198. 199. 199. ...  91.  88.  86.],14
1265,[174. 175. 175. ... 197. 197. 197.],14
1266,[175. 174. 173. ... 171. 170. 170.],14
1267,[151. 152. 154. ... 170. 170. 170.],14
1268,[174. 174. 173. ... 189. 189. 189.],14
1269,[174. 171. 170. ... 162. 162. 162.],14
1270,[177. 177. 177. ...  87.  86.  86.],14
1271,[195. 196. 196. ...  54. 103.  66.],14
1272,[169. 170. 171. ... 181. 181. 181.],14
1273,[169. 169. 169. ... 184. 184. 184.],14
1274,[177. 178. 179. ... 175. 175. 175.],14
1275,[209. 209. 209. ... 200. 200. 200.],14
1276,[189. 188. 188. ... 187. 187. 187.],14
1277,[182. 183. 185. ...  41.  36.  32.],14
1278,[167. 167. 167. ...  89.  86.  84.],14
1279,[174. 174. 174. ... 192. 192. 192.],14
1280,[183. 184. 185. ... 200. 200. 199.],14
1281,[175. 175. 174. ... 178. 178. 178.],14
1282,[185. 186. 186. ... 190. 190. 190.],14
1283,[175. 175. 176. ... 174. 174. 174.],14
1284,[193. 193. 193. ... 196. 196. 196.],14
1285,[170. 172. 174. ... 169. 169. 169.],14
1286,[185. 184. 183. ... 190. 189. 187.],14
1287,[179. 181. 183. ... 181. 180. 180.],14
1288,[186. 187. 187. ... 188. 187. 186.],14
1289,[159. 158. 157. ...  39.  43.  49.],15
1290,[195. 194. 195. ... 190. 189. 189.],15
1291,[179. 178. 178. ... 175. 175. 175.],15
1292,[214. 214. 215. ... 154. 154. 154.],15
1293,[165. 164. 164. ... 173. 173. 173.],15
1294,[189. 190. 191. ... 179. 180. 180.],15
1295,[174. 174. 174. ... 179. 179. 178.],15
1296,[215. 214. 213. ... 210. 210. 210.],15
1297,[190. 189. 188. ... 178. 178. 178.],15
1298,[158. 159. 160. ... 169. 169. 169.],15
1299,[167. 166. 167. ... 165. 165. 165.],15
1300,[165. 164. 164. ... 177. 177. 177.],15
1301,[170. 169. 167. ... 180. 179. 179.],15
1302,[167. 166. 165. ... 191. 191. 191.],15
1303,[128. 128. 128. ... 150. 150. 149.],15
1304,[185. 185. 185. ... 185. 185. 185.],15
1305,[173. 173. 173. ... 196. 197. 199.],15
1306,[168. 168. 167. ...  67.  74.  81.],15
1307,[199. 200. 201. ... 189. 189. 189.],15
1308,[193. 193. 193. ... 195. 195. 195.],15
1309,[172. 172. 172. ... 156. 156. 156.],15
1310,[176. 177. 178. ... 170. 169. 169.],15
1311,[171. 171. 171. ... 179. 178. 150.],15
1312,[184. 184. 182. ... 173. 172. 168.],15
1313,[155. 156. 157. ...  62.  60.  63.],15
1314,[172. 172. 172. ...  75.  74.  74.],15
1315,[199. 200. 201. ...  36.  37.  36.],15
1316,[204. 205. 206. ... 182. 182. 182.],15
1317,[188. 188. 189. ... 196. 195. 194.],15
1318,[201. 201. 201. ... 188. 188. 188.],15
1319,[182. 182. 182. ... 204. 204. 204.],15
1320,[191. 192. 193. ... 187. 186. 185.],15
1321,[165. 165. 165. ... 174. 174. 174.],15
1322,[163. 163. 163. ... 171. 171. 171.],15
1323,[171. 172. 173. ... 140. 158. 172.],15
1324,[188. 189. 192. ... 120. 125. 131.],15
1325,[175. 176. 178. ...  45.  42.  40.],15
1326,[194. 194. 194. ... 196. 202. 208.],15
1327,[192. 192. 192. ... 198. 197. 197.],15
1328,[179. 179. 179. ... 184. 184. 184.],15
1329,[179. 180. 182. ... 170. 170. 170.],15
1330,[204. 204. 204. ...  45.  45.  44.],15
1331,[165. 165. 165. ... 182. 184. 192.],15
1332,[182. 182. 182. ... 176. 176. 177.],15
1333,[159. 160. 161. ... 180. 180. 179.],15
1334,[165. 165. 165. ...  56.  60.  75.],15
1335,[187. 188. 188. ... 136. 149. 157.],15
1336,[161. 161. 161. ...  38.  39.  37.],15
1337,[191. 191. 192. ...  81.  82.  82.],15
1338,[172. 171. 171. ... 198. 198. 198.],15
1339,[174. 175. 175. ... 196. 197. 197.],15
1340,[186. 186. 187. ... 200. 200. 199.],15
1341,[169. 168. 167. ... 164. 164. 164.],15
1342,[145. 144. 144. ... 159. 159. 159.],15
1343,[194. 193. 193. ... 190. 190. 190.],15
1344,[180. 179. 179. ... 173. 173. 173.],15
1345,[194. 193. 193. ...  49.  49.  50.],15
1346,[170. 171. 171. ... 181. 181. 181.],15
1347,[169. 169. 169. ... 182. 182. 182.],15
1348,[184. 184. 184. ... 179. 178. 178.],15
1349,[210. 210. 210. ... 205. 205. 205.],15
1350,[149. 150. 151. ...  67.  67.  63.],15
1351,[189. 189. 190. ... 173. 172. 172.],15
1352,[182. 182. 182. ...  35.  36.  31.],15
1353,[169. 169. 169. ... 103. 103. 102.],15
1354,[173. 172. 172. ... 193. 193. 193.],15
1355,[186. 186. 187. ... 183. 184. 184.],15
1356,[198. 199. 199. ... 187. 197. 216.],15
1357,[183. 184. 184. ... 186. 186. 186.],15
1358,[194. 197. 199. ... 193. 193. 192.],15
1359,[193. 194. 196. ... 199. 198. 198.],15
1360,[185. 184. 183. ... 174. 175. 175.],15
1361,[178. 177. 177. ... 198. 198. 198.],15
1362,[191. 191. 190. ... 184. 184. 184.],15
1363,[173. 172. 172. ... 184. 184. 184.],15
1364,[171. 173. 174. ... 175. 175. 175.],16
1365,[182. 184. 185. ... 173. 173. 173.],16
1366,[193. 194. 193. ...  39.  40.  41.],16
1367,[191. 189. 186. ... 176. 175. 174.],16
1368,[212. 213. 214. ... 201. 200. 199.],16
1369,[170. 173. 177. ... 176. 176. 175.],16
1370,[181. 181. 180. ... 184. 184. 184.],16
1371,[177. 179. 181. ... 181. 181. 181.],16
1372,[178. 181. 183. ... 175. 174. 174.],16
1373,[174. 174. 175. ... 164. 164. 164.],16
1374,[180. 180. 181. ... 180. 180. 180.],16
1375,[171. 172. 172. ... 180. 179. 179.],16
1376,[192. 192. 192. ... 184. 185. 185.],16
1377,[176. 175. 173. ... 176. 175. 174.],16
1378,[178. 179. 181. ... 182. 180. 185.],16
1379,[174. 173. 173. ... 152. 152. 153.],16
1380,[175. 175. 175. ... 172. 172. 173.],16
1381,[188. 188. 187. ... 193. 192. 190.],16
1382,[170. 170. 170. ... 173. 173. 173.],16
1383,[176. 176. 177. ... 220. 222. 223.],16
1384,[195. 195. 196. ... 188. 192. 194.],16
1385,[176. 178. 180. ... 175. 175. 174.],16
1386,[192. 192. 192. ... 114. 113. 112.],16
1387,[174. 174. 174. ... 199. 199. 198.],16
1388,[168. 168. 169. ... 157. 157. 157.],16
1389,[199. 198. 197. ... 188. 188. 188.],16
1390,[179. 178. 176. ... 175. 174. 174.],16
1391,[178. 181. 183. ... 163. 162. 161.],16
1392,[175. 175. 175. ...  90.  89. 111.],16
1393,[174. 173. 173. ... 215. 215. 215.],16
1394,[182. 182. 182. ... 190. 188. 185.],16
1395,[174. 174. 174. ... 156. 156. 155.],16
1396,[206. 206. 207. ... 196. 198. 198.],16
1397,[175. 175. 175. ... 143. 143. 142.],16
1398,[195. 196. 196. ...  38.  40.  40.],16
1399,[181. 182. 185. ... 171. 170. 168.],16
1400,[186. 186. 186. ... 170. 170. 170.],16
1401,[155. 158. 160. ... 166. 166. 165.],16
1402,[179. 179. 179. ... 180. 179. 179.],16
1403,[188. 188. 188. ...  84.  84.  83.],16
1404,[171. 171. 171. ... 169. 169. 169.],16
1405,[253. 253. 253. ...  90.  94.  98.],16
1406,[179. 180. 181. ... 170. 170. 170.],16
1407,[185. 185. 186. ... 182. 181. 179.],16
1408,[212. 212. 212. ...  77.  78.  84.],16
1409,[178. 178. 178. ... 168. 168. 168.],16
1410,[168. 167. 167. ... 160. 160. 159.],16
1411,[192. 192. 192. ... 201. 201. 201.],16
1412,[181. 182. 182. ... 166. 165. 164.],16
1413,[189. 189. 189. ... 168. 168. 167.],16
1414,[194. 194. 194. ... 186. 185. 185.],16
1415,[205. 206. 207. ... 186. 186. 186.],16
1416,[204. 204. 204. ... 197. 196. 195.],16
1417,[189. 190. 190. ... 174. 174. 174.],16
1418,[195. 195. 195. ... 131. 133. 136.],16
1419,[182. 182. 182. ... 173. 173. 173.],16
1420,[177. 177. 177. ... 170. 170. 170.],16
1421,[177. 177. 177. ...  48.  49.  50.],16
1422,[169. 169. 170. ...  93.  96.  98.],16
1423,[207. 207. 207. ... 189. 189. 188.],16
1424,[181. 181. 182. ... 175. 174. 174.],16
1425,[174. 174. 174. ...  68.  75.  85.],16
1426,[167. 167. 167. ...  46.  51.  48.],16
1427,[177. 177. 177. ... 169. 169. 169.],16
1428,[161. 161. 161. ... 180. 180. 180.],16
1429,[166. 167. 167. ... 178. 178. 178.],16
1430,[199. 198. 197. ...  88.  86.  83.],16
1431,[160. 160. 160. ... 170. 170. 170.],16
1432,[194. 194. 194. ... 195. 195. 195.],16
1433,[173. 173. 173. ... 188. 188. 188.],16
1434,[192. 192. 193. ... 205. 205. 205.],16
1435,[186. 185. 185. ... 177. 177. 177.],16
1436,[174. 175. 177. ... 189. 189. 189.],16
1437,[176. 177. 178. ... 198. 198. 198.],16
1438,[195. 194. 193. ... 202. 202. 202.],16
1439,[168. 169. 169. ... 180. 180. 180.],16
1440,[177. 176. 176. ... 169. 169. 169.],16
1441,[168. 169. 169. ... 180. 180. 180.],16
1442,[166. 167. 168. ... 182. 182. 182.],16
1443,[183. 184. 185. ... 180. 179. 179.],16
1444,[213. 213. 213. ... 205. 205. 205.],16
1445,[168. 168. 169. ... 167. 167. 167.],16
1446,[178. 177. 176. ... 180. 180. 180.],16
1447,[199. 199. 200. ... 210. 212. 214.],16
1448,[183. 183. 182. ... 182. 182. 182.],16
1449,[211. 212. 212. ... 209. 209. 209.],16
1450,[169. 169. 169. ... 177. 177. 176.],16
1451,[174. 174. 175. ... 103.  90.  81.],16
1452,[157. 157. 157. ... 177. 176. 176.],16
1453,[196. 196. 196. ... 191. 190. 190.],16
1454,[213. 213. 214. ... 213. 213. 213.],16
1455,[178. 178. 179. ... 180. 180. 180.],17
1456,[160. 160. 160. ... 178. 178. 179.],17
1457,[171. 171. 169. ... 165. 165. 165.],17
1458,[177. 178. 178. ... 168. 168. 167.],17
1459,[191. 192. 192. ...  50.  51.  52.],17
1460,[180. 180. 179. ... 181. 181. 181.],17
1461,[194. 194. 195. ... 189. 190. 190.],17
1462,[175. 175. 176. ... 176. 175. 175.],17
1463,[205. 206. 207. ... 135. 134. 133.],17
1464,[171. 172. 174. ... 176. 176. 175.],17
1465,[179. 181. 183. ... 177. 177. 176.],17
1466,[204. 204. 204. ... 118. 121. 124.],17
1467,[180. 181. 182. ... 171. 171. 171.],17
1468,[187. 182. 177. ... 162. 165. 166.],17
1469,[212. 213. 214. ... 207. 208. 208.],17
1470,[190. 189. 188. ... 179. 179. 178.],17
1471,[219. 219. 220. ... 138. 139. 140.],17
1472,[180. 180. 180. ... 160. 158. 153.],17
1473,[174. 172. 171. ... 172. 172. 172.],17
1474,[186. 186. 187. ... 149. 148. 145.],17
1475,[184. 184. 184. ... 188. 188. 187.],17
1476,[180. 181. 181. ... 223. 222. 222.],17
1477,[157. 157. 157. ... 174. 173. 173.],17
1478,[168. 167. 166. ... 179. 179. 179.],17
1479,[190. 190. 191. ... 174. 178. 183.],17
1480,[174. 176. 179. ... 174. 174. 174.],17
1481,[189. 188. 186. ... 182. 182. 182.],17
1482,[166. 166. 165. ... 181. 186. 193.],17
1483,[150. 150. 150. ...  42.  43.  43.],17
1484,[197. 197. 197. ... 197. 197. 197.],17
1485,[173. 173. 173. ... 190. 191. 191.],17
1486,[193. 194. 195. ... 189. 188. 187.],17
1487,[180. 179. 179. ... 100. 147. 186.],17
1488,[182. 182. 182. ...  97.  87.  80.],17
1489,[186. 185. 183. ... 161. 160. 158.],17
1490,[192. 192. 190. ... 175. 175. 175.],17
1491,[199. 200. 201. ...  36.  35.  34.],17
1492,[176. 176. 176. ... 155. 157. 159.],17
1493,[188. 188. 189. ... 177. 177. 177.],17
1494,[168. 167. 167. ... 171. 171. 171.],17
1495,[215. 214. 214. ... 206. 206. 206.],17
1496,[169. 169. 169. ...  97.  93.  93.],17
1497,[216. 216. 216. ... 113. 113. 111.],17
1498,[176. 177. 177. ... 140. 140. 142.],17
1499,[253. 253. 253. ... 253. 251. 250.],17
1500,[218. 218. 218. ...  63.  64.  65.],17
1501,[187. 187. 187. ... 102. 103. 104.],17
1502,[179. 180. 180. ... 189. 189. 189.],17
1503,[178. 180. 184. ... 170. 170. 170.],17
1504,[209. 209. 209. ...  74.  75.  76.],17
1505,[184. 184. 184. ... 140. 155. 173.],17
1506,[179. 181. 181. ... 127. 126. 125.],17
1507,[186. 185. 184. ... 205. 202. 200.],17
1508,[190. 191. 191. ... 179. 178. 178.],17
1509,[181. 182. 184. ... 171. 171. 172.],17
1510,[178. 179. 180. ...  40.  40.  40.],17
1511,[192. 191. 189. ... 182. 182. 182.],17
1512,[183. 184. 185. ... 146. 135. 130.],17
1513,[210. 209. 208. ... 190. 190. 189.],17
1514,[199. 199. 199. ... 181. 181. 180.],17
1515,[186. 187. 188. ... 171. 171. 171.],17
1516,[197. 198. 200. ... 182. 183. 185.],17
1517,[182. 182. 181. ... 172. 172. 171.],17
1518,[184. 185. 187. ...  47.  48.  48.],17
1519,[162. 162. 162. ... 169. 169. 169.],17
1520,[180. 180. 180. ... 187. 187. 186.],17
1521,[191. 192. 192. ... 201. 201. 201.],17
1522,[200. 200. 200. ... 187. 188. 188.],17
1523,[157. 158. 159. ... 182. 182. 182.],17
1524,[186. 188. 191. ... 182. 182. 182.],17
1525,[178. 179. 181. ... 168. 168. 168.],17
1526,[182. 183. 184. ... 174. 173. 172.],17
1527,[177. 176. 175. ... 135. 143. 136.],17
1528,[185. 184. 183. ...  83.  78.  76.],17
1529,[189. 188. 187. ... 110. 102.  94.],17
1530,[172. 173. 175. ... 184. 184. 184.],17
1531,[175. 175. 176. ... 183. 181. 180.],17
1532,[210. 209. 207. ... 213. 213. 213.],17
1533,[176. 176. 176. ...  77.  75.  74.],17
1534,[157. 157. 157. ... 187. 187. 187.],17
1535,[198. 198. 198. ...  58.  88. 133.],17
1536,[172. 172. 172. ... 183. 183. 183.],17
1537,[205. 205. 205. ... 199. 199. 199.],17
1538,[181. 180. 178. ... 224. 225. 222.],17
1539,[216. 216. 217. ... 207. 207. 207.],17
1540,[151. 151. 151. ...  67.  66.  58.],17
1541,[190. 190. 189. ... 188. 188. 188.],17
1542,[188. 187. 187. ... 184. 184. 184.],17
1543,[169. 169. 169. ... 169. 169. 169.],17
1544,[172. 172. 172. ... 171. 185. 183.],17
1545,[187. 187. 186. ... 184. 184. 183.],17
1546,[179. 180. 181. ... 196. 197. 197.],17
1547,[181. 181. 181. ... 186. 182. 182.],17
1548,[204. 203. 201. ... 199. 199. 199.],17
1549,[163. 164. 164. ... 175. 175. 175.],17
1550,[168. 169. 169. ... 165. 165. 165.],17
1551,[185. 186. 186. ...  68.  67.  67.],17
1552,[206. 206. 206. ... 219. 219. 218.],17
1553,[180. 180. 180. ... 191. 187. 185.],18
1554,[202. 203. 204. ...  43.  42.  42.],18
1555,[198. 202. 203. ... 187. 187. 187.],18
1556,[176. 177. 180. ... 178. 177. 177.],18
1557,[183. 183. 183. ... 180. 180. 180.],18
1558,[206. 205. 204. ... 166. 165. 165.],18
1559,[180. 182. 184. ... 182. 182. 182.],18
1560,[173. 174. 175. ... 165. 165. 164.],18
1561,[171. 171. 171. ... 179. 179. 179.],18
1562,[169. 172. 174. ... 188. 189. 184.],18
1563,[182. 185. 188. ... 137. 133. 129.],18
1564,[158. 158. 158. ... 219. 205. 191.],18
1565,[166. 166. 166. ... 183. 183. 183.],18
1566,[200. 200. 199. ... 194. 193. 193.],18
1567,[166. 166. 166. ... 174. 174. 176.],18
1568,[198. 198. 198. ... 197. 197. 197.],18
1569,[156. 156. 156. ... 167. 167. 166.],18
1570,[196. 197. 199. ... 189. 190. 190.],18
1571,[172. 172. 172. ... 168. 168. 168.],18
1572,[172. 172. 172. ... 205. 207. 176.],18
1573,[188. 189. 191. ...  25.  25.  25.],18
1574,[176. 176. 176. ... 183. 185. 187.],18
1575,[198. 199. 201. ... 183. 183. 184.],18
1576,[181. 181. 181. ...  36.  32.  29.],18
1577,[202. 202. 202. ...  23.  30.  38.],18
1578,[185. 186. 186. ... 164. 164. 165.],18
1579,[172. 172. 174. ... 152. 152. 152.],18
1580,[187. 187. 188. ... 175. 174. 174.],18
1581,[186. 187. 186. ...  47.  49.  51.],18
1582,[194. 194. 193. ...  84.  92. 104.],18
1583,[252. 252. 252. ... 248. 248. 248.],18
1584,[177. 176. 176. ... 168. 168. 169.],18
1585,[186. 186. 186. ... 216. 218. 219.],18
1586,[206. 206. 206. ...  76.  74.  72.],18
1587,[187. 187. 187. ... 143. 142. 159.],18
1588,[167. 167. 167. ... 171. 171. 171.],18
1589,[177. 177. 177. ... 168. 170. 172.],18
1590,[175. 176. 176. ... 161. 162. 163.],18
1591,[176. 177. 179. ... 171. 171. 171.],18
1592,[212. 212. 212. ... 195. 195. 195.],18
1593,[188. 187. 186. ... 173. 172. 172.],18
1594,[189. 191. 193. ... 163. 164. 162.],18
1595,[174. 174. 174. ...  51.  53.  47.],18
1596,[176. 175. 175. ... 189. 189. 189.],18
1597,[214. 213. 213. ... 198. 198. 198.],18
1598,[184. 184. 184. ... 172. 171. 170.],18
1599,[181. 181. 181. ... 186. 186. 186.],18
1600,[181. 181. 181. ... 171. 172. 172.],18
1601,[178. 177. 176. ... 169. 168. 168.],18
1602,[162. 162. 163. ... 146. 162. 170.],18
1603,[178. 179. 180. ... 187. 187. 187.],18
1604,[207. 207. 206. ... 192. 192. 191.],18
1605,[173. 173. 173. ... 166. 165. 164.],18
1606,[165. 165. 165. ... 174. 177. 173.],18
1607,[170. 170. 170. ... 164. 164. 164.],18
1608,[176. 176. 176. ... 167. 166. 164.],18
1609,[179. 179. 179. ... 143. 144. 145.],18
1610,[167. 167. 167. ... 180. 180. 180.],18
1611,[171. 171. 173. ...  31.  29.  33.],18
1612,[200. 201. 201. ... 207. 207. 207.],18
1613,[197. 198. 199. ...  97.  93.  89.],18
1614,[165. 166. 168. ... 176. 176. 175.],18
1615,[149. 149. 149. ... 176. 176. 176.],18
1616,[193. 194. 194. ... 199. 199. 199.],18
1617,[192. 192. 193. ... 180. 180. 180.],18
1618,[173. 174. 175. ... 191. 191. 191.],18
1619,[174. 175. 178. ... 191. 191. 191.],18
1620,[189. 189. 190. ... 205. 205. 204.],18
1621,[204. 205. 206. ... 199. 199. 199.],18
1622,[185. 184. 184. ... 181. 180. 180.],18
1623,[171. 171. 170. ... 163. 163. 163.],18
1624,[188. 187. 186. ...  84.  85.  85.],18
1625,[164. 164. 164. ... 119. 118. 116.],18
1626,[171. 171. 171. ...  91.  91.  91.],18
1627,[170. 170. 171. ... 193. 193. 193.],18
1628,[186. 185. 185. ... 182. 191. 185.],18
1629,[180. 180. 180. ... 195. 195. 195.],18
1630,[187. 187. 187. ... 190. 191. 192.],18
1631,[204. 204. 204. ...  79. 120. 170.],18
1632,[204. 206. 208. ... 204. 204. 204.],18
1633,[186. 184. 184. ... 187. 187. 187.],18
1634,[176. 176. 176. ... 178. 177. 177.],18
1635,[165. 166. 168. ... 177. 177. 177.],18
1636,[190. 191. 191. ... 189. 189. 189.],18
1637,[172. 172. 172. ... 166. 166. 166.],18
1638,[217. 217. 217. ... 219. 219. 219.],18
1639,[176. 175. 174. ... 185. 185. 185.],18
1640,[197. 196. 196. ... 197. 197. 197.],18
1641,[177. 176. 174. ... 166. 166. 166.],19
1642,[204. 204. 204. ...  42.  46.  49.],19
1643,[173. 175. 177. ... 169. 169. 170.],19
1644,[204. 205. 206. ... 200. 200. 199.],19
1645,[172. 174. 178. ... 176. 178. 179.],19
1646,[170. 170. 169. ... 164. 163. 163.],19
1647,[173. 179. 185. ... 130. 135. 137.],19
1648,[216. 217. 217. ... 210. 210. 210.],19
1649,[183. 182. 182. ... 103. 128. 145.],19
1650,[191. 193. 195. ... 182. 182. 181.],19
1651,[177. 178. 179. ... 175. 176. 176.],19
1652,[184. 184. 185. ... 179. 180. 180.],19
1653,[177. 176. 174. ... 179. 180. 180.],19
1654,[166. 166. 167. ... 186. 186. 186.],19
1655,[160. 159. 160. ... 169. 168. 166.],19
1656,[194. 192. 190. ... 187. 186. 186.],19
1657,[191. 190. 190. ... 171. 171. 171.],19
1658,[176. 175. 175. ... 169. 169. 169.],19
1659,[186. 186. 186. ...  31.  30.  30.],19
1660,[173. 174. 174. ... 217. 218. 220.],19
1661,[183. 186. 188. ... 172. 173. 173.],19
1662,[184. 185. 186. ... 172. 174. 171.],19
1663,[180. 180. 180. ... 160. 160. 160.],19
1664,[185. 186. 186. ... 157. 156. 156.],19
1665,[179. 180. 181. ... 168. 168. 168.],19
1666,[215. 216. 217. ... 210. 210. 210.],19
1667,[172. 171. 170. ... 167. 167. 167.],19
1668,[182. 181. 181. ... 165. 167. 174.],19
1669,[184. 184. 184. ... 179. 179. 180.],19
1670,[196. 196. 196. ... 118. 131. 143.],19
1671,[178. 178. 178. ... 173. 173. 171.],19
1672,[178. 178. 179. ... 172. 172. 172.],19
1673,[168. 169. 171. ... 172. 172. 172.],19
1674,[165. 166. 167. ... 161. 161. 161.],19
1675,[176. 178. 180. ... 172. 172. 172.],19
1676,[204. 203. 203. ... 189. 189. 189.],19
1677,[186. 186. 186. ... 194. 194. 194.],19
1678,[180. 181. 182. ... 172. 172. 172.],19
1679,[196. 195. 194. ... 171. 171. 171.],19
1680,[195. 195. 196. ... 170. 171. 172.],19
1681,[176. 176. 175. ...  35.  36.  37.],19
1682,[191. 191. 191. ... 184. 185. 185.],19
1683,[179. 179. 179. ... 175. 173. 171.],19
1684,[221. 221. 221. ...  49.  47.  46.],19
1685,[163. 163. 163. ... 171. 171. 172.],19
1686,[187. 187. 188. ... 184. 184. 184.],19
1687,[174. 174. 174. ... 170. 170. 170.],19
1688,[174. 175. 175. ...  63.  53.  52.],19
1689,[175. 176. 176. ... 166. 166. 166.],19
1690,[189. 189. 189. ... 124. 130. 133.],19
1691,[184. 185. 186. ... 110. 107. 107.],19
1692,[167. 167. 167. ... 178. 178. 178.],19
1693,[173. 174. 176. ... 161. 161. 162.],19
1694,[195. 195. 195. ... 186. 186. 186.],19
1695,[150. 150. 150. ... 176. 176. 176.],19
1696,[208. 207. 207. ... 207. 207. 207.],19
1697,[171. 171. 171. ... 193. 192. 192.],19
1698,[185. 185. 185. ... 150. 157. 163.],19
1699,[171. 172. 172. ... 158. 158. 158.],19
1700,[168. 169. 170. ... 165. 167. 169.],19
1701,[173. 174. 175. ...  78.  78.  79.],19
1702,[192. 192. 192. ... 187. 187. 188.],19
1703,[185. 185. 186. ... 183. 181. 180.],19
1704,[206. 207. 207. ...  97. 115. 128.],19
1705,[186. 189. 191. ... 178. 178. 179.],19
1706,[172. 171. 171. ... 162. 162. 163.],19
1707,[211. 211. 211. ... 204. 204. 204.],19
1708,[150. 151. 152. ...  66.  62.  61.],19
1709,[202. 202. 201. ... 183. 183. 183.],19
1710,[189. 189. 191. ... 188. 188. 189.],19
1711,[169. 170. 172. ... 170. 170. 171.],19
1712,[171. 171. 171. ... 192. 192. 192.],19
1713,[172. 172. 172. ... 189. 189. 190.],19
1714,[186. 186. 186. ... 183. 183. 183.],19
1715,[178. 177. 175. ... 179. 179. 179.],19
1716,[177. 176. 176. ... 179. 179. 179.],19
1717,[208. 209. 210. ... 212. 212. 212.],19
1718,[185. 184. 183. ... 173. 173. 173.],19
1719,[179. 179. 179. ... 177. 177. 177.],19
1720,[161. 164. 168. ... 175. 174. 174.],19
1721,[179. 179. 179. ...  92.  94.  86.],19
1722,[161. 161. 161. ... 179. 179. 179.],19
1723,[178. 178. 178. ... 199. 199. 198.],19
1724,[187. 188. 189. ... 184. 183. 183.],19
1725,[192. 193. 194. ... 191. 191. 190.],19
1726,[165. 164. 163. ... 160. 160. 160.],19
1727,[161. 161. 161. ... 180. 179. 179.],20
1728,[171. 170. 169. ... 166. 166. 167.],20
1729,[178. 180. 183. ... 174. 173. 173.],20
1730,[191. 192. 194. ... 188. 187. 186.],20
1731,[179. 176. 173. ... 176. 176. 176.],20
1732,[180. 181. 184. ... 181. 180. 180.],20
1733,[185. 185. 184. ... 176. 176. 175.],20
1734,[210. 210. 210. ... 170. 167. 166.],20
1735,[183. 184. 184. ... 183. 182. 181.],20
1736,[187. 189. 191. ... 178. 177. 176.],20
1737,[167. 167. 168. ... 169. 166. 165.],20
1738,[176. 175. 175. ... 182. 181. 181.],20
1739,[176. 177. 178. ... 203. 204. 205.],20
1740,[197. 198. 200. ... 201. 200. 200.],20
1741,[177. 177. 178. ...  38.  37.  36.],20
1742,[144. 143. 143. ... 151. 151. 151.],20
1743,[204. 203. 203. ... 197. 197. 197.],20
1744,[188. 189. 189. ... 178. 179. 179.],20
1745,[175. 175. 175. ... 159. 159. 159.],20
1746,[198. 199. 200. ...  48.  47.  47.],20
1747,[199. 200. 201. ... 186. 185. 184.],20
1748,[204. 203. 201. ... 178. 177. 175.],20
1749,[185. 185. 187. ... 170. 171. 171.],20
1750,[168. 168. 168. ... 100. 101.  99.],20
1751,[201. 201. 201. ... 194. 194. 194.],20
1752,[212. 213. 213. ... 197. 198. 199.],20
1753,[198. 197. 195. ...  53.  53.  53.],20
1754,[201. 200. 199. ... 121. 119. 121.],20
1755,[212. 212. 212. ...  72.  69.  67.],20
1756,[177. 177. 177. ... 169. 169. 169.],20
1757,[177. 177. 178. ... 160. 158. 156.],20
1758,[170. 170. 170. ...  54.  53.  52.],20
1759,[187. 187. 187. ... 194. 194. 194.],20
1760,[189. 189. 189. ... 200. 200. 200.],20
1761,[196. 196. 195. ... 174. 174. 174.],20
1762,[192. 191. 190. ... 168. 169. 169.],20
1763,[173. 173. 173. ... 184. 184. 184.],20
1764,[199. 200. 200. ... 187. 187. 187.],20
1765,[208. 209. 209. ... 189. 189. 189.],20
1766,[172. 175. 177. ... 168. 166. 165.],20
1767,[185. 186. 187. ... 178. 178. 178.],20
1768,[176. 177. 178. ...  50.  50.  50.],20
1769,[162. 162. 162. ... 169. 169. 169.],20
1770,[167. 166. 166. ... 171. 170. 170.],20
1771,[190. 190. 190. ... 185. 185. 185.],20
1772,[184. 185. 186. ... 174. 174. 174.],20
1773,[179. 178. 178. ... 171. 171. 171.],20
1774,[178. 179. 180. ... 167. 167. 167.],20
1775,[182. 182. 182. ... 189. 189. 189.],20
1776,[180. 180. 180. ... 142. 144. 148.],20
1777,[167. 168. 169. ... 156. 156. 157.],20
1778,[177. 178. 179. ... 162. 162. 162.],20
1779,[198. 198. 198. ...  88.  89.  90.],20
1780,[163. 163. 163. ... 173. 173. 173.],20
1781,[171. 171. 171. ... 192. 192. 192.],20
1782,[196. 199. 201. ... 187. 187. 187.],20
1783,[167. 167. 167. ... 179. 178. 178.],20
1784,[158. 158. 158. ... 172. 172. 172.],20
1785,[179. 181. 182. ... 194. 194. 194.],20
1786,[182. 182. 182. ...  92.  88.  82.],20
1787,[174. 175. 176. ... 167. 169. 172.],20
1788,[200. 200. 200. ...  66.  48.  47.],20
1789,[177. 176. 176. ... 174. 174. 174.],20
1790,[180. 180. 182. ... 175. 173. 172.],20
1791,[185. 186. 188. ...  90.  87.  84.],20
1792,[197. 197. 198. ... 185. 186. 186.],20
1793,[178. 181. 183. ...  59.  69.  57.],20
1794,[163. 164. 164. ... 178. 172. 168.],20
1795,[168. 169. 169. ... 168. 168. 168.],20
1796,[172. 172. 172. ... 192. 192. 192.],20
1797,[205. 206. 206. ... 213. 213. 213.],20
1798,[206. 207. 208. ... 210. 210. 210.],20
1799,[203. 204. 204. ... 201. 201. 201.],20
1800,[180. 180. 180. ... 178. 178. 178.],20
1801,[197. 197. 198. ... 111. 118. 123.],20
1802,[166. 168. 170. ... 177. 177. 176.],20
1803,[179. 179. 179. ...  79.  71.  70.],20
1804,[158. 158. 158. ... 179. 179. 179.],20
1805,[188. 189. 191. ... 186. 186. 185.],20
1806,[180. 180. 180. ... 200. 200. 200.],20
1807,[189. 189. 190. ... 197. 196. 196.],20
1808,[199. 199. 198. ...  52.  50.  49.],20
1809,[220. 220. 220. ... 221. 221. 221.],20
1810,[160. 160. 160. ...  36.  37.  37.],21
1811,[179. 180. 181. ... 178. 178. 178.],21
1812,[188. 189. 189. ... 182. 181. 180.],21
1813,[198. 197. 196. ... 189. 189. 189.],21
1814,[214. 215. 215. ... 133. 134. 136.],21
1815,[175. 176. 176. ... 175. 175. 175.],21
1816,[184. 185. 186. ... 179. 178. 178.],21
1817,[179. 179. 179. ... 183. 183. 183.],21
1818,[167. 169. 170. ... 168. 168. 167.],21
1819,[180. 181. 181. ...  34.  35.  35.],21
1820,[172. 170. 169. ... 168. 168. 167.],21
1821,[182. 184. 185. ... 114. 117. 120.],21
1822,[170. 171. 172. ... 177. 177. 178.],21
1823,[182. 185. 189. ... 173. 179. 181.],21
1824,[185. 185. 185. ... 191. 190. 190.],21
1825,[188. 187. 186. ... 195. 196. 196.],21
1826,[166. 165. 163. ... 186. 187. 187.],21
1827,[192. 192. 193. ... 198. 198. 199.],21
1828,[130. 130. 130. ... 150. 150. 150.],21
1829,[178. 180. 183. ... 187. 187. 186.],21
1830,[173. 173. 172. ... 196. 192. 187.],21
1831,[150. 150. 150. ... 158. 156. 155.],21
1832,[173. 172. 170. ... 158. 156. 154.],21
1833,[185. 183. 182. ... 161. 162. 162.],21
1834,[191. 192. 194. ...  30.  29.  29.],21
1835,[171. 171. 171. ... 227. 227. 228.],21
1836,[190. 190. 190. ... 177. 177. 176.],21
1837,[153. 153. 153. ...  58.  54.  55.],21
1838,[194. 195. 197. ... 181. 181. 181.],21
1839,[190. 190. 190. ... 169. 169. 168.],21
1840,[198. 199. 199. ... 180. 180. 180.],21
1841,[206. 206. 206. ... 184. 185. 185.],21
1842,[189. 188. 186. ... 166. 168. 169.],21
1843,[163. 163. 165. ...  99. 102. 104.],21
1844,[193. 194. 196. ... 191. 191. 191.],21
1845,[214. 213. 211. ... 195. 195. 195.],21
1846,[212. 207. 208. ... 111. 113.  99.],21
1847,[190. 190. 190. ... 179. 179. 179.],21
1848,[181. 181. 181. ...  41.  40.  40.],21
1849,[200. 199. 197. ...  96.  91.  83.],21
1850,[182. 183. 185. ... 169. 169. 169.],21
1851,[185. 186. 187. ... 175. 166. 155.],21
1852,[250. 250. 250. ... 105. 108. 125.],21
1853,[219. 219. 219. ...  49.  55.  61.],21
1854,[189. 189. 189. ... 184. 184. 184.],21
1855,[177. 177. 177. ... 170. 171. 171.],21
1856,[177. 177. 176. ... 169. 169. 169.],21
1857,[178. 178. 178. ... 170. 170. 170.],21
1858,[182. 181. 181. ... 161. 161. 161.],21
1859,[176. 177. 178. ... 168. 167. 167.],21
1860,[165. 166. 166. ... 163. 162. 162.],21
1861,[175. 175. 174. ... 169. 169. 169.],21
1862,[212. 212. 212. ... 197. 197. 197.],21
1863,[182. 183. 183. ... 168. 167. 165.],21
1864,[188. 189. 190. ... 177. 177. 177.],21
1865,[195. 194. 195. ... 131. 134. 137.],21
1866,[186. 186. 186. ...  59.  71.  78.],21
1867,[192. 190. 188. ... 173. 172. 172.],21
1868,[194. 193. 193. ... 216. 214. 212.],21
1869,[179. 179. 179. ... 171. 170. 170.],21
1870,[219. 220. 221. ... 111. 138. 159.],21
1871,[167. 167. 167. ... 172. 172. 172.],21
1872,[172. 173. 173. ... 181. 181. 181.],21
1873,[183. 184. 185. ... 177. 177. 177.],21
1874,[171. 171. 171. ...  59.  62.  65.],21
1875,[177. 178. 178. ...  82.  71.  50.],21
1876,[178. 178. 178. ... 166. 166. 166.],21
1877,[160. 160. 160. ... 191. 191. 191.],21
1878,[167. 167. 167. ... 168. 161. 151.],21
1879,[186. 186. 186. ... 125. 119. 113.],21
1880,[175. 175. 175. ... 114. 122.  93.],21
1881,[193. 192. 190. ... 178. 177. 176.],21
1882,[174. 173. 173. ... 191. 191. 191.],21
1883,[177. 176. 176. ... 191. 191. 191.],21
1884,[161. 162. 163. ... 175. 175. 175.],21
1885,[192. 193. 195. ... 122. 115.  70.],21
1886,[171. 171. 171. ... 182. 182. 183.],21
1887,[203. 204. 204. ... 196. 196. 196.],21
1888,[183. 183. 184. ... 177. 178. 178.],21
1889,[152. 153. 154. ...  84.  80.  71.],21
1890,[186. 187. 189. ... 189. 189. 189.],21
1891,[180. 180. 180. ...  61.  67.  65.],21
1892,[182. 182. 182. ...  88.  85.  82.],21
1893,[174. 175. 176. ... 190. 190. 190.],21
1894,[190. 191. 192. ... 191. 190. 189.],21
1895,[206. 207. 208. ... 211. 211. 211.],21
1896,[179. 181. 184. ... 170. 170. 169.],21
1897,[209. 209. 207. ... 206. 206. 206.],21
1898,[173. 173. 173. ... 174. 174. 173.],21
1899,[193. 196. 198. ... 195. 195. 195.],21
1900,[162. 162. 162. ... 182. 182. 182.],21
1901,[186. 185. 185. ... 181. 180. 180.],21
1902,[198. 198. 199. ...  54.  52.  51.],21
1903,[188. 189. 190. ... 186. 185. 185.],21
1904,[179. 182. 185. ... 182. 182. 182.],22
1905,[178. 179. 180. ... 183. 183. 183.],22
1906,[175. 176. 176. ... 167. 167. 168.],22
1907,[183. 184. 185. ... 176. 176. 176.],22
1908,[197. 198. 198. ...  60.  61.  60.],22
1909,[195. 194. 194. ... 189. 188. 188.],22
1910,[181. 181. 180. ... 180. 180. 179.],22
1911,[212. 212. 211. ... 136. 133. 131.],22
1912,[184. 184. 185. ... 184. 183. 183.],22
1913,[172. 172. 172. ... 168. 167. 167.],22
1914,[179. 179. 178. ... 168. 168. 169.],22
1915,[178. 183. 188. ... 142. 152. 159.],22
1916,[220. 221. 222. ... 214. 214. 214.],22
1917,[176. 179. 183. ... 185. 184. 182.],22
1918,[209. 209. 209. ... 208. 209. 209.],22
1919,[182. 182. 183. ... 164. 160. 155.],22
1920,[166. 166. 166. ... 216. 215. 215.],22
1921,[165. 165. 166. ... 185. 185. 185.],22
1922,[198. 198. 199. ... 200. 201. 201.],22
1923,[185. 187. 189. ... 182. 182. 182.],22
1924,[168. 168. 170. ... 169. 170. 171.],22
1925,[216. 216. 216. ... 108.  97.  94.],22
1926,[199. 198. 198. ... 189. 189. 189.],22
1927,[186. 186. 185. ... 178. 177. 176.],22
1928,[154. 154. 154. ...  58.  56.  46.],22
1929,[199. 198. 198. ... 172. 173. 173.],22
1930,[205. 206. 208. ... 133. 149. 139.],22
1931,[203. 204. 204. ... 180. 180. 180.],22
1932,[186. 186. 186. ... 169. 169. 169.],22
1933,[178. 178. 180. ... 164. 164. 164.],22
1934,[157. 157. 157. ... 155. 162. 165.],22
1935,[213. 213. 213. ... 200. 199. 199.],22
1936,[186. 187. 190. ... 174. 173. 173.],22
1937,[200. 199. 199. ...  66.  69.  71.],22
1938,[170. 170. 170. ... 167. 167. 167.],22
1939,[253. 253. 253. ... 121. 122. 123.],22
1940,[182. 183. 184. ... 174. 173. 173.],22
1941,[174. 174. 175. ... 169. 168. 168.],22
1942,[175. 176. 178. ... 159. 159. 159.],22
1943,[221. 221. 221. ... 223. 223. 223.],22
1944,[168. 169. 170. ... 165. 164. 163.],22
1945,[184. 185. 187. ... 194. 194. 194.],22
1946,[178. 178. 177. ... 166. 166. 167.],22
1947,[196. 195. 194. ... 174. 173. 173.],22
1948,[190. 190. 190. ... 182. 182. 182.],22
1949,[193. 193. 193. ... 180. 179. 179.],22
1950,[177. 177. 177. ... 184. 184. 184.],22
1951,[188. 187. 186. ... 174. 174. 173.],22
1952,[194. 194. 194. ... 133. 134. 135.],22
1953,[183. 183. 184. ... 172. 172. 172.],22
1954,[183. 182. 181. ...  57.  56.  51.],22
1955,[180. 179. 178. ... 185. 185. 185.],22
1956,[202. 202. 203. ... 190. 189. 189.],22
1957,[208. 207. 207. ... 185. 186. 187.],22
1958,[173. 173. 173. ... 185. 185. 185.],22
1959,[175. 175. 175. ... 170. 169. 168.],22
1960,[173. 173. 173. ... 168. 168. 168.],22
1961,[176. 176. 177. ... 173. 174. 174.],22
1962,[160. 160. 160. ... 189. 189. 190.],22
1963,[185. 184. 183. ... 163. 172. 177.],22
1964,[168. 168. 168. ... 178. 178. 177.],22
1965,[180. 182. 183. ... 107.  96.  77.],22
1966,[180. 179. 179. ...  37.  40.  41.],22
1967,[151. 151. 151. ... 179. 179. 178.],22
1968,[173. 173. 173. ... 197. 197. 197.],22
1969,[189. 190. 192. ... 180. 180. 180.],22
1970,[183. 186. 189. ... 140. 138. 140.],22
1971,[174. 174. 175. ... 190. 190. 190.],22
1972,[177. 177. 177. ... 189. 189. 189.],22
1973,[161. 161. 161. ... 174. 174. 174.],22
1974,[182. 184. 186. ... 175. 175. 175.],22
1975,[170. 170. 170. ... 175. 177. 178.],22
1976,[177. 177. 178. ... 172. 172. 172.],22
1977,[181. 181. 183. ... 163. 167. 169.],22
1978,[195. 195. 195. ...  66.  67. 100.],22
1979,[169. 170. 171. ... 183. 183. 183.],22
1980,[204. 204. 204. ... 200. 200. 200.],22
1981,[185. 186. 186. ... 181. 179. 179.],22
1982,[179. 181. 184. ... 180. 180. 181.],22
1983,[216. 215. 215. ... 211. 211. 211.],22
1984,[189. 188. 187. ...  93.  92.  90.],22
1985,[193. 192. 192. ... 189. 189. 189.],22
1986,[177. 178. 180. ...  39.  47.  55.],22
1987,[188. 188. 188. ...  35.  35.  33.],22
1988,[186. 186. 186. ... 184. 184. 184.],22
1989,[177. 177. 178. ... 184. 184. 185.],22
1990,[209. 210. 210. ... 213. 213. 213.],22
1991,[208. 209. 209. ... 206. 206. 206.],22
1992,[165. 165. 166. ... 177. 176. 175.],22
1993,[188. 188. 188. ... 190. 190. 190.],22
1994,[186. 186. 186. ... 182. 183. 183.],22
1995,[182. 185. 188. ... 191. 191. 191.],22
1996,[173. 174. 174. ... 178. 178. 178.],22
1997,[198. 198. 198. ... 218. 218. 218.],22
1998,[196. 195. 195. ... 200. 199. 199.],22
